{
  "type": "FeatureCollection",
  "generator": "overpass-turbo",
  "copyright": "The data included in this document is from www.openstreetmap.org. The data is made available under ODbL.",
  "timestamp": "2025-10-24T17:26:39Z",
  "features": [
    {
      "type": "Feature",
      "properties": {
        "@id": "relation/16036440",
        "colour": "#20409A",
        "from": "Dukuh Atas",
        "name": "Cibubur Line (Dukuh Atas → Harjamukti)",
        "name:id": "Lin Cibubur (Dukuh Atas → Harjamukti)",
        "network": "Jabodebek LRT",
        "operator": "Kereta Api Indonesia Divisi LRT Jabodebek",
        "public_transport:version": "2",
        "ref": "CB",
        "route": "light_rail",
        "to": "Harjamukti",
        "type": "route",
        "wikidata": "Q56390365"
      },
      "geometry": {
        "type": "LineString",
        "coordinates": [
          [
            106.8255247,
            -6.2048511
          ],
          [
            106.826366,
            -6.2050271
          ],
          [
            106.8268403,
            -6.2051263
          ],
          [
            106.8271736,
            -6.2051909
          ],
          [
            106.8273892,
            -6.2052263
          ],
          [
            106.8277938,
            -6.205282
          ],
          [
            106.8279233,
            -6.2053061
          ],
          [
            106.8280454,
            -6.2053412
          ],
          [
            106.8281601,
            -6.2053871
          ],
          [
            106.8282735,
            -6.2054525
          ],
          [
            106.8283672,
            -6.2055283
          ],
          [
            106.8284462,
            -6.2056141
          ],
          [
            106.8285338,
            -6.2057505
          ],
          [
            106.828604,
            -6.2058894
          ],
          [
            106.8286647,
            -6.2060228
          ],
          [
            106.8287298,
            -6.2061401
          ],
          [
            106.8288455,
            -6.2063054
          ],
          [
            106.8289857,
            -6.2064723
          ],
          [
            106.8291178,
            -6.2066157
          ],
          [
            106.8292152,
            -6.2067403
          ],
          [
            106.8293211,
            -6.2069201
          ],
          [
            106.8295218,
            -6.207332
          ],
          [
            106.8296866,
            -6.2076933
          ],
          [
            106.8298133,
            -6.2079986
          ],
          [
            106.8299156,
            -6.2082785
          ],
          [
            106.830015,
            -6.2085742
          ],
          [
            106.8300791,
            -6.2087958
          ],
          [
            106.8301381,
            -6.2090399
          ],
          [
            106.8302046,
            -6.2093481
          ],
          [
            106.8302686,
            -6.2097029
          ],
          [
            106.830309,
            -6.2099764
          ],
          [
            106.8303605,
            -6.2104851
          ],
          [
            106.8304011,
            -6.2110213
          ],
          [
            106.8304172,
            -6.2112923
          ],
          [
            106.8304229,
            -6.2118348
          ],
          [
            106.8304043,
            -6.2126844
          ],
          [
            106.8304122,
            -6.2129547
          ],
          [
            106.8304295,
            -6.2132301
          ],
          [
            106.8306742,
            -6.21618
          ],
          [
            106.830701,
            -6.216442
          ],
          [
            106.8307497,
            -6.2167327
          ],
          [
            106.8308398,
            -6.2171773
          ],
          [
            106.8310379,
            -6.218067
          ],
          [
            106.8312024,
            -6.2186473
          ],
          [
            106.8314742,
            -6.2194958
          ],
          [
            106.8316174,
            -6.2198349
          ],
          [
            106.8319067,
            -6.220487
          ],
          [
            106.8319797,
            -6.2206608
          ],
          [
            106.8320321,
            -6.2208728
          ],
          [
            106.8320557,
            -6.2209883
          ],
          [
            106.83222,
            -6.2216446
          ],
          [
            106.8325308,
            -6.2228859
          ],
          [
            106.8327514,
            -6.2236436
          ],
          [
            106.8328049,
            -6.2238598
          ],
          [
            106.8328431,
            -6.2240561
          ],
          [
            106.8328676,
            -6.2242356
          ],
          [
            106.8328863,
            -6.2244439
          ],
          [
            106.8329738,
            -6.2257292
          ],
          [
            106.8329951,
            -6.2260267
          ],
          [
            106.8331817,
            -6.2287874
          ],
          [
            106.8332254,
            -6.2293488
          ],
          [
            106.833227,
            -6.229665
          ],
          [
            106.8332142,
            -6.229855
          ],
          [
            106.8331923,
            -6.2300416
          ],
          [
            106.8331567,
            -6.2302196
          ],
          [
            106.8330997,
            -6.2304165
          ],
          [
            106.8329555,
            -6.2309151
          ],
          [
            106.8328837,
            -6.2311294
          ],
          [
            106.8328284,
            -6.2312843
          ],
          [
            106.8327679,
            -6.2314389
          ],
          [
            106.8326883,
            -6.2315974
          ],
          [
            106.8325262,
            -6.2319284
          ],
          [
            106.8324567,
            -6.2320546
          ],
          [
            106.8323768,
            -6.2321871
          ],
          [
            106.8322841,
            -6.2323316
          ],
          [
            106.8321676,
            -6.2324932
          ],
          [
            106.8319988,
            -6.2326938
          ],
          [
            106.831824,
            -6.2329033
          ],
          [
            106.8316473,
            -6.2330993
          ],
          [
            106.8314811,
            -6.2332698
          ],
          [
            106.8311815,
            -6.2335322
          ],
          [
            106.8308596,
            -6.2337675
          ],
          [
            106.8305917,
            -6.2339454
          ],
          [
            106.8302687,
            -6.2341245
          ],
          [
            106.8292535,
            -6.234585
          ],
          [
            106.8289902,
            -6.2347189
          ],
          [
            106.8288647,
            -6.2347951
          ],
          [
            106.8287577,
            -6.2348654
          ],
          [
            106.828619,
            -6.2349704
          ],
          [
            106.8285054,
            -6.2350629
          ],
          [
            106.8284166,
            -6.2351426
          ],
          [
            106.8281995,
            -6.2353633
          ],
          [
            106.8280426,
            -6.2355389
          ],
          [
            106.8279165,
            -6.2356999
          ],
          [
            106.8278251,
            -6.2358343
          ],
          [
            106.827583,
            -6.2362119
          ],
          [
            106.8275183,
            -6.2363239
          ],
          [
            106.8274685,
            -6.2364294
          ],
          [
            106.8274258,
            -6.2365476
          ],
          [
            106.8273934,
            -6.2366751
          ],
          [
            106.8273802,
            -6.2368092
          ],
          [
            106.8273803,
            -6.2369181
          ],
          [
            106.8274026,
            -6.2370652
          ],
          [
            106.8274363,
            -6.2371792
          ],
          [
            106.8274862,
            -6.2373028
          ],
          [
            106.8275464,
            -6.2374074
          ],
          [
            106.8276196,
            -6.2375109
          ],
          [
            106.8277142,
            -6.2376123
          ],
          [
            106.8278186,
            -6.237695
          ],
          [
            106.8279479,
            -6.2377813
          ],
          [
            106.8283399,
            -6.2380214
          ],
          [
            106.8285556,
            -6.2381454
          ],
          [
            106.8287949,
            -6.2382738
          ],
          [
            106.829531,
            -6.2386291
          ],
          [
            106.829723,
            -6.2387289
          ],
          [
            106.8303192,
            -6.2390903
          ],
          [
            106.830702,
            -6.2393284
          ],
          [
            106.8309283,
            -6.2394736
          ],
          [
            106.8315271,
            -6.2398885
          ],
          [
            106.8317796,
            -6.2400538
          ],
          [
            106.831977,
            -6.2401697
          ],
          [
            106.8324444,
            -6.2404314
          ],
          [
            106.8326831,
            -6.2405576
          ],
          [
            106.8329275,
            -6.2406655
          ],
          [
            106.8331444,
            -6.2407487
          ],
          [
            106.833335,
            -6.2408117
          ],
          [
            106.8335467,
            -6.240873
          ],
          [
            106.8350273,
            -6.2412634
          ],
          [
            106.8361917,
            -6.2415527
          ],
          [
            106.83695,
            -6.2417425
          ],
          [
            106.8378185,
            -6.2419782
          ],
          [
            106.8385115,
            -6.2421686
          ],
          [
            106.8390817,
            -6.2423185
          ],
          [
            106.8399344,
            -6.2425499
          ],
          [
            106.840192,
            -6.2426239
          ],
          [
            106.8404829,
            -6.2427044
          ],
          [
            106.8412373,
            -6.2428992
          ],
          [
            106.8414358,
            -6.2429659
          ],
          [
            106.8416369,
            -6.2430417
          ],
          [
            106.8424266,
            -6.2433936
          ],
          [
            106.842634,
            -6.2434771
          ],
          [
            106.8428247,
            -6.2435402
          ],
          [
            106.8430233,
            -6.2436004
          ],
          [
            106.843259,
            -6.243645
          ],
          [
            106.8434727,
            -6.2436685
          ],
          [
            106.8460244,
            -6.2438049
          ],
          [
            106.846314,
            -6.2438041
          ],
          [
            106.846778,
            -6.2437889
          ],
          [
            106.84801,
            -6.2436703
          ],
          [
            106.8485075,
            -6.2436402
          ],
          [
            106.8488762,
            -6.243622
          ],
          [
            106.8496508,
            -6.2436037
          ],
          [
            106.8500329,
            -6.2435839
          ],
          [
            106.8519107,
            -6.2434577
          ],
          [
            106.8522804,
            -6.2434509
          ],
          [
            106.8556012,
            -6.2434632
          ],
          [
            106.857072,
            -6.2435043
          ],
          [
            106.8579256,
            -6.2435218
          ],
          [
            106.8582865,
            -6.2435287
          ],
          [
            106.8585572,
            -6.2435308
          ],
          [
            106.8588964,
            -6.2435351
          ],
          [
            106.8592647,
            -6.2435346
          ],
          [
            106.8597395,
            -6.2435288
          ],
          [
            106.8600673,
            -6.2435247
          ],
          [
            106.8607094,
            -6.2435083
          ],
          [
            106.8611041,
            -6.2434912
          ],
          [
            106.8616789,
            -6.2434633
          ],
          [
            106.8622424,
            -6.2434405
          ],
          [
            106.8627757,
            -6.2434223
          ],
          [
            106.863092,
            -6.2434241
          ],
          [
            106.8633979,
            -6.2434347
          ],
          [
            106.8636487,
            -6.2434438
          ],
          [
            106.8638045,
            -6.2434523
          ],
          [
            106.8639697,
            -6.2434643
          ],
          [
            106.8641018,
            -6.2434786
          ],
          [
            106.8641659,
            -6.2434873
          ],
          [
            106.8642295,
            -6.2434971
          ],
          [
            106.8645217,
            -6.2435465
          ],
          [
            106.8650436,
            -6.2436436
          ],
          [
            106.8652922,
            -6.2437051
          ],
          [
            106.8655419,
            -6.2437754
          ],
          [
            106.865802,
            -6.2438584
          ],
          [
            106.8667088,
            -6.2441707
          ],
          [
            106.8670568,
            -6.244301
          ],
          [
            106.8673736,
            -6.2444316
          ],
          [
            106.8695594,
            -6.2453671
          ],
          [
            106.8697709,
            -6.2454609
          ],
          [
            106.8700338,
            -6.2455669
          ],
          [
            106.8701555,
            -6.2456107
          ],
          [
            106.8703778,
            -6.2456861
          ],
          [
            106.8705317,
            -6.245735
          ],
          [
            106.8707509,
            -6.2457963
          ],
          [
            106.8712235,
            -6.245926
          ],
          [
            106.8724548,
            -6.2462652
          ],
          [
            106.8727021,
            -6.2463308
          ],
          [
            106.8730389,
            -6.2464119
          ],
          [
            106.8733357,
            -6.2464864
          ],
          [
            106.873588,
            -6.2465548
          ],
          [
            106.8736676,
            -6.2465806
          ],
          [
            106.873739,
            -6.2466068
          ],
          [
            106.8738151,
            -6.2466425
          ],
          [
            106.8738866,
            -6.2466837
          ],
          [
            106.8739521,
            -6.2467299
          ],
          [
            106.874506,
            -6.2471919
          ],
          [
            106.8748948,
            -6.2475086
          ],
          [
            106.874986,
            -6.2475886
          ],
          [
            106.8751245,
            -6.2477095
          ],
          [
            106.875433,
            -6.2479575
          ],
          [
            106.875643,
            -6.2481856
          ],
          [
            106.8757285,
            -6.2482977
          ],
          [
            106.875787,
            -6.2483983
          ],
          [
            106.8758296,
            -6.2484861
          ],
          [
            106.8758529,
            -6.2485631
          ],
          [
            106.8758615,
            -6.248627
          ],
          [
            106.8758666,
            -6.248743
          ],
          [
            106.8758582,
            -6.2488664
          ],
          [
            106.8758178,
            -6.2489997
          ],
          [
            106.875772,
            -6.2490917
          ],
          [
            106.8756692,
            -6.2492597
          ],
          [
            106.8754762,
            -6.2495003
          ],
          [
            106.8750842,
            -6.2499102
          ],
          [
            106.8747093,
            -6.2502512
          ],
          [
            106.8743555,
            -6.2505961
          ],
          [
            106.8738167,
            -6.2510976
          ],
          [
            106.8734328,
            -6.2514606
          ],
          [
            106.8731408,
            -6.2518167
          ],
          [
            106.873023,
            -6.2519754
          ],
          [
            106.8729226,
            -6.2521253
          ],
          [
            106.8728034,
            -6.2523351
          ],
          [
            106.8726807,
            -6.252575
          ],
          [
            106.8725077,
            -6.252979
          ],
          [
            106.8717983,
            -6.2548384
          ],
          [
            106.871717,
            -6.2550911
          ],
          [
            106.8716721,
            -6.2552943
          ],
          [
            106.8716773,
            -6.2554442
          ],
          [
            106.8716921,
            -6.2556149
          ],
          [
            106.8717495,
            -6.2558056
          ],
          [
            106.8718149,
            -6.2559277
          ],
          [
            106.871864,
            -6.2559952
          ],
          [
            106.8719832,
            -6.2561288
          ],
          [
            106.8727702,
            -6.2567197
          ],
          [
            106.8729576,
            -6.2568879
          ],
          [
            106.8730593,
            -6.257032
          ],
          [
            106.8730944,
            -6.2571054
          ],
          [
            106.8731203,
            -6.2571846
          ],
          [
            106.8731659,
            -6.2573263
          ],
          [
            106.8734339,
            -6.2587278
          ],
          [
            106.8734877,
            -6.2591189
          ],
          [
            106.8735091,
            -6.2595856
          ],
          [
            106.8735138,
            -6.2600303
          ],
          [
            106.8733854,
            -6.262226
          ],
          [
            106.8733342,
            -6.2629757
          ],
          [
            106.8732888,
            -6.2636641
          ],
          [
            106.8732624,
            -6.2643114
          ],
          [
            106.8732826,
            -6.2647045
          ],
          [
            106.8734117,
            -6.26558
          ],
          [
            106.8734846,
            -6.2662246
          ],
          [
            106.8734848,
            -6.266731
          ],
          [
            106.8734458,
            -6.2670735
          ],
          [
            106.8733901,
            -6.2674283
          ],
          [
            106.8730812,
            -6.2689835
          ],
          [
            106.8730231,
            -6.2694216
          ],
          [
            106.8729974,
            -6.269735
          ],
          [
            106.8729833,
            -6.2699882
          ],
          [
            106.8729746,
            -6.2702745
          ],
          [
            106.8729753,
            -6.2705578
          ],
          [
            106.8729673,
            -6.2711177
          ],
          [
            106.872991,
            -6.272066
          ],
          [
            106.8730232,
            -6.2725485
          ],
          [
            106.8730769,
            -6.2732497
          ],
          [
            106.8731117,
            -6.2735244
          ],
          [
            106.8731612,
            -6.2737689
          ],
          [
            106.8732887,
            -6.2743989
          ],
          [
            106.8733826,
            -6.2749001
          ],
          [
            106.8735194,
            -6.2755826
          ],
          [
            106.8736213,
            -6.2759932
          ],
          [
            106.8737984,
            -6.2765931
          ],
          [
            106.8738387,
            -6.2767085
          ],
          [
            106.8739191,
            -6.276945
          ],
          [
            106.8740786,
            -6.2773518
          ],
          [
            106.8744848,
            -6.2783208
          ],
          [
            106.8756304,
            -6.2809277
          ],
          [
            106.8760057,
            -6.2818271
          ],
          [
            106.8768285,
            -6.2837689
          ],
          [
            106.8773564,
            -6.2849106
          ],
          [
            106.8775429,
            -6.2852599
          ],
          [
            106.8777252,
            -6.2855958
          ],
          [
            106.8779744,
            -6.2860265
          ],
          [
            106.8782581,
            -6.2864875
          ],
          [
            106.8783749,
            -6.2867071
          ],
          [
            106.8784408,
            -6.2868526
          ],
          [
            106.8785484,
            -6.2871347
          ],
          [
            106.8787723,
            -6.2877179
          ],
          [
            106.8789241,
            -6.2881546
          ],
          [
            106.8789952,
            -6.2883632
          ],
          [
            106.879067,
            -6.2885586
          ],
          [
            106.8791395,
            -6.2887811
          ],
          [
            106.8793019,
            -6.2892264
          ],
          [
            106.8796409,
            -6.2902071
          ],
          [
            106.8799528,
            -6.2910963
          ],
          [
            106.8800179,
            -6.2913016
          ],
          [
            106.8804444,
            -6.292438
          ],
          [
            106.8805313,
            -6.2926472
          ],
          [
            106.8806126,
            -6.2929026
          ],
          [
            106.8808529,
            -6.2935528
          ],
          [
            106.8809261,
            -6.2937445
          ],
          [
            106.8810699,
            -6.2941162
          ],
          [
            106.8813867,
            -6.2949005
          ],
          [
            106.8815929,
            -6.2954157
          ],
          [
            106.8816596,
            -6.2955737
          ],
          [
            106.8819628,
            -6.2963322
          ],
          [
            106.8821125,
            -6.2967023
          ],
          [
            106.8822763,
            -6.2971011
          ],
          [
            106.8828364,
            -6.2984896
          ],
          [
            106.8830106,
            -6.2989002
          ],
          [
            106.8830986,
            -6.2990824
          ],
          [
            106.8832165,
            -6.2993867
          ],
          [
            106.8833328,
            -6.2997437
          ],
          [
            106.8834423,
            -6.3001223
          ],
          [
            106.8835122,
            -6.3004624
          ],
          [
            106.8835847,
            -6.3008394
          ],
          [
            106.8836233,
            -6.3010264
          ],
          [
            106.8836902,
            -6.3013772
          ],
          [
            106.8837212,
            -6.3015462
          ],
          [
            106.8837408,
            -6.3016599
          ],
          [
            106.8837671,
            -6.3017848
          ],
          [
            106.8837867,
            -6.3018708
          ],
          [
            106.8838048,
            -6.3019645
          ],
          [
            106.8838474,
            -6.3021834
          ],
          [
            106.8839174,
            -6.3025401
          ],
          [
            106.8839328,
            -6.3026531
          ],
          [
            106.883945,
            -6.3027007
          ],
          [
            106.8839599,
            -6.3027983
          ],
          [
            106.8839761,
            -6.3028799
          ],
          [
            106.8839941,
            -6.302966
          ],
          [
            106.884043,
            -6.3031546
          ],
          [
            106.8840938,
            -6.30325
          ],
          [
            106.8841283,
            -6.3033076
          ],
          [
            106.884193,
            -6.3034165
          ],
          [
            106.8842571,
            -6.3034925
          ],
          [
            106.8843149,
            -6.3035581
          ],
          [
            106.884454,
            -6.3037312
          ],
          [
            106.8845868,
            -6.3038994
          ],
          [
            106.884676,
            -6.3040484
          ],
          [
            106.8847646,
            -6.3042942
          ],
          [
            106.8847811,
            -6.3044969
          ],
          [
            106.8847718,
            -6.3046585
          ],
          [
            106.884716,
            -6.3048799
          ],
          [
            106.8846201,
            -6.3050929
          ],
          [
            106.8843481,
            -6.305621
          ],
          [
            106.8840186,
            -6.3062196
          ],
          [
            106.8839564,
            -6.306353
          ],
          [
            106.8839072,
            -6.3065074
          ],
          [
            106.8838746,
            -6.306653
          ],
          [
            106.8838744,
            -6.3068267
          ],
          [
            106.8838893,
            -6.3069621
          ],
          [
            106.884079,
            -6.3079554
          ],
          [
            106.8842471,
            -6.3089009
          ],
          [
            106.8843581,
            -6.3095525
          ],
          [
            106.8845249,
            -6.3104291
          ],
          [
            106.8845508,
            -6.3105256
          ],
          [
            106.8845833,
            -6.3106153
          ],
          [
            106.8846206,
            -6.3107036
          ],
          [
            106.8846719,
            -6.3108119
          ],
          [
            106.8847369,
            -6.3109355
          ],
          [
            106.8849639,
            -6.3113379
          ],
          [
            106.8850521,
            -6.3115068
          ],
          [
            106.8851143,
            -6.3116408
          ],
          [
            106.8851713,
            -6.3117953
          ],
          [
            106.8852889,
            -6.3121679
          ],
          [
            106.8853891,
            -6.3125752
          ],
          [
            106.8854873,
            -6.3129583
          ],
          [
            106.8856905,
            -6.313951
          ],
          [
            106.885837,
            -6.3146197
          ],
          [
            106.8859483,
            -6.3151309
          ],
          [
            106.8860656,
            -6.3156606
          ],
          [
            106.8862573,
            -6.3166252
          ],
          [
            106.8863681,
            -6.3172189
          ],
          [
            106.8865074,
            -6.3181405
          ],
          [
            106.8865541,
            -6.3185625
          ],
          [
            106.8866015,
            -6.3189144
          ],
          [
            106.8866327,
            -6.319349
          ],
          [
            106.8866721,
            -6.3210382
          ],
          [
            106.8867011,
            -6.3223056
          ],
          [
            106.8867162,
            -6.3232445
          ],
          [
            106.8867182,
            -6.3237705
          ],
          [
            106.8867352,
            -6.3245153
          ],
          [
            106.8867559,
            -6.3260797
          ],
          [
            106.8867593,
            -6.3269144
          ],
          [
            106.8867688,
            -6.3281347
          ],
          [
            106.8867979,
            -6.3291281
          ],
          [
            106.8868341,
            -6.3299195
          ],
          [
            106.8870485,
            -6.3317391
          ],
          [
            106.8879256,
            -6.3371454
          ],
          [
            106.8879846,
            -6.3374786
          ],
          [
            106.8880543,
            -6.3377772
          ],
          [
            106.8881777,
            -6.3382011
          ],
          [
            106.8883064,
            -6.3386223
          ],
          [
            106.8883976,
            -6.3390115
          ],
          [
            106.8886229,
            -6.3401658
          ],
          [
            106.8890038,
            -6.3421731
          ],
          [
            106.8892291,
            -6.343378
          ],
          [
            106.8897656,
            -6.3462411
          ],
          [
            106.8898272,
            -6.3465343
          ],
          [
            106.8899775,
            -6.3470888
          ],
          [
            106.8906641,
            -6.349544
          ],
          [
            106.8908304,
            -6.3501971
          ],
          [
            106.8911871,
            -6.3514633
          ],
          [
            106.8916914,
            -6.3532227
          ],
          [
            106.8918903,
            -6.3540522
          ],
          [
            106.8922251,
            -6.3550434
          ],
          [
            106.892378,
            -6.3556059
          ],
          [
            106.8925926,
            -6.3565309
          ],
          [
            106.8926784,
            -6.3569547
          ],
          [
            106.8931773,
            -6.3598577
          ],
          [
            106.8934751,
            -6.3615797
          ],
          [
            106.8936923,
            -6.3632591
          ],
          [
            106.8940008,
            -6.3655329
          ],
          [
            106.8940464,
            -6.3658075
          ],
          [
            106.8941081,
            -6.3660501
          ],
          [
            106.8941832,
            -6.3662633
          ],
          [
            106.894446,
            -6.3669537
          ],
          [
            106.8945211,
            -6.3672043
          ],
          [
            106.8945721,
            -6.3674282
          ],
          [
            106.8946606,
            -6.3679533
          ],
          [
            106.8949664,
            -6.369798
          ],
          [
            106.8951353,
            -6.3710321
          ],
          [
            106.8952078,
            -6.371536
          ],
          [
            106.8953767,
            -6.372445
          ],
          [
            106.8955377,
            -6.373274
          ],
          [
            106.8956519,
            -6.3738957
          ]
        ]
      },
      "id": "relation/16036440"
    },
    {
      "type": "Feature",
      "properties": {
        "@id": "relation/16036441",
        "colour": "#20409A",
        "from": "Harjamukti",
        "name": "Cibubur Line (Harjamukti → Dukuh Atas)",
        "name:id": "Lin Cibubur (Harjamukti → Dukuh Atas)",
        "network": "Jabodebek LRT",
        "operator": "Kereta Api Indonesia Divisi LRT Jabodebek",
        "public_transport:version": "2",
        "ref": "CB",
        "route": "light_rail",
        "to": "Dukuh Atas",
        "type": "route",
        "wikidata": "Q56390365"
      },
      "geometry": {
        "type": "LineString",
        "coordinates": [
          [
            106.8956864,
            -6.3738897
          ],
          [
            106.8955752,
            -6.373282
          ],
          [
            106.895417,
            -6.372453
          ],
          [
            106.895256,
            -6.371536
          ],
          [
            106.8951809,
            -6.3710428
          ],
          [
            106.8950039,
            -6.3697873
          ],
          [
            106.8947008,
            -6.3679587
          ],
          [
            106.8946096,
            -6.3674229
          ],
          [
            106.8945613,
            -6.367199
          ],
          [
            106.8944836,
            -6.3669377
          ],
          [
            106.8942234,
            -6.36625
          ],
          [
            106.8941483,
            -6.3660367
          ],
          [
            106.8940866,
            -6.3658022
          ],
          [
            106.894041,
            -6.3655276
          ],
          [
            106.8937352,
            -6.3632564
          ],
          [
            106.8935153,
            -6.3615824
          ],
          [
            106.8932176,
            -6.359855
          ],
          [
            106.892716,
            -6.3569467
          ],
          [
            106.8926355,
            -6.3565335
          ],
          [
            106.8924156,
            -6.3556005
          ],
          [
            106.89226,
            -6.3550407
          ],
          [
            106.8917316,
            -6.3532227
          ],
          [
            106.8912166,
            -6.3514526
          ],
          [
            106.890876,
            -6.3502024
          ],
          [
            106.890699,
            -6.3495413
          ],
          [
            106.8900204,
            -6.3470861
          ],
          [
            106.8898648,
            -6.3465237
          ],
          [
            106.8898058,
            -6.3462491
          ],
          [
            106.889264,
            -6.3433727
          ],
          [
            106.889044,
            -6.3421758
          ],
          [
            106.8886605,
            -6.3401604
          ],
          [
            106.8884405,
            -6.3390035
          ],
          [
            106.8883413,
            -6.3386063
          ],
          [
            106.8882233,
            -6.3382011
          ],
          [
            106.8880972,
            -6.3377639
          ],
          [
            106.8880221,
            -6.3374813
          ],
          [
            106.8879658,
            -6.3371507
          ],
          [
            106.8870867,
            -6.3317207
          ],
          [
            106.8868867,
            -6.3299266
          ],
          [
            106.8868414,
            -6.3291372
          ],
          [
            106.8868172,
            -6.3281296
          ],
          [
            106.8867929,
            -6.326887
          ],
          [
            106.886793,
            -6.3260725
          ],
          [
            106.8867818,
            -6.3254059
          ],
          [
            106.8867709,
            -6.32451
          ],
          [
            106.8867606,
            -6.3237699
          ],
          [
            106.8867533,
            -6.3232425
          ],
          [
            106.8867393,
            -6.3222932
          ],
          [
            106.8867024,
            -6.3210524
          ],
          [
            106.8866575,
            -6.3192811
          ],
          [
            106.8866331,
            -6.3189758
          ],
          [
            106.8865945,
            -6.3185979
          ],
          [
            106.8865538,
            -6.3181989
          ],
          [
            106.8864578,
            -6.3174683
          ],
          [
            106.8861761,
            -6.3159731
          ],
          [
            106.8860079,
            -6.3151564
          ],
          [
            106.8858213,
            -6.3143642
          ],
          [
            106.8855302,
            -6.3129861
          ],
          [
            106.8854176,
            -6.3125544
          ],
          [
            106.8851914,
            -6.3117343
          ],
          [
            106.885149,
            -6.3116273
          ],
          [
            106.8851065,
            -6.3115303
          ],
          [
            106.8850632,
            -6.3114403
          ],
          [
            106.8850184,
            -6.3113525
          ],
          [
            106.8848225,
            -6.3110035
          ],
          [
            106.8847322,
            -6.3108354
          ],
          [
            106.8846814,
            -6.3107312
          ],
          [
            106.8846454,
            -6.31065
          ],
          [
            106.8846134,
            -6.3105707
          ],
          [
            106.8845874,
            -6.3104941
          ],
          [
            106.8845659,
            -6.310417
          ],
          [
            106.884524,
            -6.3102151
          ],
          [
            106.8844039,
            -6.3095464
          ],
          [
            106.8842917,
            -6.3088886
          ],
          [
            106.8841319,
            -6.3079422
          ],
          [
            106.8839382,
            -6.3069053
          ],
          [
            106.8839276,
            -6.3067852
          ],
          [
            106.8839293,
            -6.3066558
          ],
          [
            106.8839586,
            -6.3065191
          ],
          [
            106.8840063,
            -6.3063753
          ],
          [
            106.8840634,
            -6.3062467
          ],
          [
            106.8843762,
            -6.3056527
          ],
          [
            106.8846741,
            -6.3050895
          ],
          [
            106.8847785,
            -6.3048455
          ],
          [
            106.8848035,
            -6.3047363
          ],
          [
            106.8848308,
            -6.3045167
          ],
          [
            106.8848053,
            -6.3042739
          ],
          [
            106.8847259,
            -6.3040501
          ],
          [
            106.8846226,
            -6.3038875
          ],
          [
            106.8845064,
            -6.3037211
          ],
          [
            106.8843356,
            -6.3035275
          ],
          [
            106.8842616,
            -6.3034251
          ],
          [
            106.8842189,
            -6.3033738
          ],
          [
            106.8841898,
            -6.3033237
          ],
          [
            106.8841581,
            -6.3032889
          ],
          [
            106.8841242,
            -6.3032328
          ],
          [
            106.8840704,
            -6.3031157
          ],
          [
            106.8840447,
            -6.3030068
          ],
          [
            106.8839908,
            -6.3027497
          ],
          [
            106.8839579,
            -6.3026044
          ],
          [
            106.8838739,
            -6.3021211
          ],
          [
            106.883811,
            -6.3017873
          ],
          [
            106.8837699,
            -6.3015613
          ],
          [
            106.8836736,
            -6.3010692
          ],
          [
            106.8836336,
            -6.3008754
          ],
          [
            106.8836158,
            -6.3007843
          ],
          [
            106.8835603,
            -6.3005023
          ],
          [
            106.8835135,
            -6.3002458
          ],
          [
            106.883444,
            -6.2999575
          ],
          [
            106.8833891,
            -6.2997604
          ],
          [
            106.8833339,
            -6.299611
          ],
          [
            106.8832467,
            -6.2993673
          ],
          [
            106.8831869,
            -6.2992004
          ],
          [
            106.8830562,
            -6.2988815
          ],
          [
            106.8828785,
            -6.2984754
          ],
          [
            106.8823134,
            -6.2970798
          ],
          [
            106.8821859,
            -6.296764
          ],
          [
            106.8820056,
            -6.2963232
          ],
          [
            106.8816932,
            -6.2955556
          ],
          [
            106.8816269,
            -6.2953701
          ],
          [
            106.8814327,
            -6.294905
          ],
          [
            106.8811203,
            -6.2941127
          ],
          [
            106.8809643,
            -6.2937441
          ],
          [
            106.8809319,
            -6.2936624
          ],
          [
            106.8808199,
            -6.2933333
          ],
          [
            106.8806543,
            -6.2928817
          ],
          [
            106.8805634,
            -6.2926244
          ],
          [
            106.880477,
            -6.2924255
          ],
          [
            106.8800181,
            -6.2911735
          ],
          [
            106.879916,
            -6.2908691
          ],
          [
            106.8796508,
            -6.29009
          ],
          [
            106.8794753,
            -6.2895815
          ],
          [
            106.8793351,
            -6.2892049
          ],
          [
            106.879117,
            -6.2885892
          ],
          [
            106.8789866,
            -6.288223
          ],
          [
            106.8788302,
            -6.287776
          ],
          [
            106.8785878,
            -6.2871305
          ],
          [
            106.8784783,
            -6.2868448
          ],
          [
            106.8783966,
            -6.2866543
          ],
          [
            106.8782997,
            -6.2864761
          ],
          [
            106.8780274,
            -6.2860425
          ],
          [
            106.8779043,
            -6.2858356
          ],
          [
            106.8773953,
            -6.2849083
          ],
          [
            106.8768571,
            -6.2837388
          ],
          [
            106.8760581,
            -6.2818455
          ],
          [
            106.875716,
            -6.2810433
          ],
          [
            106.8754889,
            -6.2804911
          ],
          [
            106.8752022,
            -6.2798469
          ],
          [
            106.8745185,
            -6.2782997
          ],
          [
            106.8741202,
            -6.2773371
          ],
          [
            106.87397,
            -6.276929
          ],
          [
            106.8738428,
            -6.276591
          ],
          [
            106.8737532,
            -6.2763061
          ],
          [
            106.8736668,
            -6.2760026
          ],
          [
            106.8736117,
            -6.2757907
          ],
          [
            106.8735677,
            -6.2755613
          ],
          [
            106.8734202,
            -6.2748921
          ],
          [
            106.8733236,
            -6.2743882
          ],
          [
            106.8731975,
            -6.2737633
          ],
          [
            106.8731493,
            -6.2735244
          ],
          [
            106.8731171,
            -6.2732444
          ],
          [
            106.8730581,
            -6.2725432
          ],
          [
            106.8730286,
            -6.2720606
          ],
          [
            106.8730022,
            -6.2711177
          ],
          [
            106.8730128,
            -6.2705752
          ],
          [
            106.8730128,
            -6.2702944
          ],
          [
            106.8730287,
            -6.2699968
          ],
          [
            106.873038,
            -6.2697123
          ],
          [
            106.87307,
            -6.2693878
          ],
          [
            106.8731242,
            -6.2689552
          ],
          [
            106.8734265,
            -6.2674467
          ],
          [
            106.8734956,
            -6.2670668
          ],
          [
            106.8735288,
            -6.2667328
          ],
          [
            106.8735165,
            -6.2661848
          ],
          [
            106.8734552,
            -6.2655654
          ],
          [
            106.8733239,
            -6.2646881
          ],
          [
            106.8733088,
            -6.2642496
          ],
          [
            106.8733298,
            -6.2636866
          ],
          [
            106.8733753,
            -6.2629456
          ],
          [
            106.8734314,
            -6.2622016
          ],
          [
            106.8735584,
            -6.2598802
          ],
          [
            106.8735504,
            -6.2595489
          ],
          [
            106.8735447,
            -6.2593198
          ],
          [
            106.8735236,
            -6.259061
          ],
          [
            106.8734688,
            -6.2587338
          ],
          [
            106.8732114,
            -6.257342
          ],
          [
            106.87316,
            -6.2571686
          ],
          [
            106.8730943,
            -6.2570247
          ],
          [
            106.8729904,
            -6.2568647
          ],
          [
            106.872805,
            -6.2566998
          ],
          [
            106.8720212,
            -6.2561218
          ],
          [
            106.871946,
            -6.2560329
          ],
          [
            106.8718465,
            -6.2558893
          ],
          [
            106.8717756,
            -6.2557382
          ],
          [
            106.8717439,
            -6.2556216
          ],
          [
            106.8717131,
            -6.2554154
          ],
          [
            106.8717227,
            -6.2552583
          ],
          [
            106.871761,
            -6.2551018
          ],
          [
            106.8718514,
            -6.2548209
          ],
          [
            106.8724429,
            -6.2532639
          ],
          [
            106.8725455,
            -6.2530102
          ],
          [
            106.8726192,
            -6.2528077
          ],
          [
            106.8727115,
            -6.2526089
          ],
          [
            106.8729062,
            -6.2522472
          ],
          [
            106.8730305,
            -6.2520353
          ],
          [
            106.8732343,
            -6.251753
          ],
          [
            106.8734492,
            -6.2515108
          ],
          [
            106.8737072,
            -6.2512525
          ],
          [
            106.8744478,
            -6.2505606
          ],
          [
            106.8748714,
            -6.2501655
          ],
          [
            106.8750834,
            -6.249944
          ],
          [
            106.8753322,
            -6.2497181
          ],
          [
            106.8755204,
            -6.2495139
          ],
          [
            106.8756705,
            -6.2493283
          ],
          [
            106.875758,
            -6.2492067
          ],
          [
            106.8758462,
            -6.2490586
          ],
          [
            106.8758882,
            -6.2489508
          ],
          [
            106.8759136,
            -6.2488385
          ],
          [
            106.8759204,
            -6.2487258
          ],
          [
            106.8759164,
            -6.2486091
          ],
          [
            106.8758975,
            -6.2485184
          ],
          [
            106.8758566,
            -6.2484227
          ],
          [
            106.8758024,
            -6.2483251
          ],
          [
            106.8757054,
            -6.2481904
          ],
          [
            106.87546,
            -6.2479186
          ],
          [
            106.8751399,
            -6.2476511
          ],
          [
            106.8749377,
            -6.2474695
          ],
          [
            106.8745208,
            -6.247128
          ],
          [
            106.8740121,
            -6.2467076
          ],
          [
            106.8739576,
            -6.2466675
          ],
          [
            106.8739023,
            -6.2466305
          ],
          [
            106.8738307,
            -6.246592
          ],
          [
            106.8737619,
            -6.2465602
          ],
          [
            106.8736799,
            -6.2465303
          ],
          [
            106.8735983,
            -6.2465044
          ],
          [
            106.8733144,
            -6.2464281
          ],
          [
            106.8730155,
            -6.2463566
          ],
          [
            106.8729055,
            -6.2463331
          ],
          [
            106.8719864,
            -6.2460909
          ],
          [
            106.8712341,
            -6.2458886
          ],
          [
            106.8705942,
            -6.2457114
          ],
          [
            106.8704111,
            -6.2456578
          ],
          [
            106.8703003,
            -6.2456251
          ],
          [
            106.8701188,
            -6.2455629
          ],
          [
            106.8699691,
            -6.2455068
          ],
          [
            106.8697843,
            -6.2454314
          ],
          [
            106.869225,
            -6.245178
          ],
          [
            106.8680299,
            -6.2446752
          ],
          [
            106.8673921,
            -6.244388
          ],
          [
            106.8670743,
            -6.244257
          ],
          [
            106.866725,
            -6.2441262
          ],
          [
            106.8658171,
            -6.2438135
          ],
          [
            106.8655557,
            -6.2437301
          ],
          [
            106.8653085,
            -6.2436661
          ],
          [
            106.8650521,
            -6.2436096
          ],
          [
            106.8647854,
            -6.2435591
          ],
          [
            106.8645356,
            -6.2435113
          ],
          [
            106.8643998,
            -6.2434865
          ],
          [
            106.8642428,
            -6.2434607
          ],
          [
            106.8641323,
            -6.2434457
          ],
          [
            106.8640531,
            -6.2434371
          ],
          [
            106.8639717,
            -6.2434297
          ],
          [
            106.8638854,
            -6.2434224
          ],
          [
            106.8638105,
            -6.2434167
          ],
          [
            106.8637304,
            -6.243412
          ],
          [
            106.8636494,
            -6.2434085
          ],
          [
            106.8633981,
            -6.2433997
          ],
          [
            106.8630402,
            -6.2433864
          ],
          [
            106.8627763,
            -6.2433833
          ],
          [
            106.8622748,
            -6.2433981
          ],
          [
            106.8616536,
            -6.2434218
          ],
          [
            106.8612314,
            -6.2434448
          ],
          [
            106.8606467,
            -6.243472
          ],
          [
            106.8600674,
            -6.2434889
          ],
          [
            106.8592753,
            -6.2434976
          ],
          [
            106.8589245,
            -6.2434981
          ],
          [
            106.8582228,
            -6.2434923
          ],
          [
            106.8579312,
            -6.2434887
          ],
          [
            106.8570718,
            -6.2434658
          ],
          [
            106.8563322,
            -6.2434397
          ],
          [
            106.8555973,
            -6.243424
          ],
          [
            106.85228,
            -6.2434036
          ],
          [
            106.8519132,
            -6.2434327
          ],
          [
            106.8500436,
            -6.2435553
          ],
          [
            106.8496572,
            -6.243575
          ],
          [
            106.8488895,
            -6.2435933
          ],
          [
            106.8485146,
            -6.2436071
          ],
          [
            106.8480111,
            -6.2436424
          ],
          [
            106.8468411,
            -6.2437549
          ],
          [
            106.8463125,
            -6.2437743
          ],
          [
            106.8460173,
            -6.2437628
          ],
          [
            106.8434849,
            -6.243631
          ],
          [
            106.8433292,
            -6.2436138
          ],
          [
            106.8430445,
            -6.2435614
          ],
          [
            106.8428353,
            -6.2435057
          ],
          [
            106.8426377,
            -6.2434394
          ],
          [
            106.8424431,
            -6.2433642
          ],
          [
            106.8416499,
            -6.2430054
          ],
          [
            106.8414541,
            -6.2429318
          ],
          [
            106.8412479,
            -6.2428679
          ],
          [
            106.8405088,
            -6.2426862
          ],
          [
            106.8402087,
            -6.2426044
          ],
          [
            106.8391763,
            -6.2422919
          ],
          [
            106.8385223,
            -6.2421132
          ],
          [
            106.8378177,
            -6.2419302
          ],
          [
            106.8369617,
            -6.2417074
          ],
          [
            106.8365386,
            -6.2416029
          ],
          [
            106.835039,
            -6.2412176
          ],
          [
            106.8335595,
            -6.2408274
          ],
          [
            106.8333492,
            -6.2407665
          ],
          [
            106.8331605,
            -6.2407042
          ],
          [
            106.8329457,
            -6.2406218
          ],
          [
            106.832704,
            -6.240515
          ],
          [
            106.8324673,
            -6.2403899
          ],
          [
            106.8320008,
            -6.2401287
          ],
          [
            106.8318048,
            -6.2400137
          ],
          [
            106.8315538,
            -6.2398493
          ],
          [
            106.8309548,
            -6.2394343
          ],
          [
            106.8307275,
            -6.2392885
          ],
          [
            106.8303442,
            -6.2390501
          ],
          [
            106.8297464,
            -6.2386877
          ],
          [
            106.8295524,
            -6.2385869
          ],
          [
            106.8288166,
            -6.2382317
          ],
          [
            106.8285788,
            -6.2381041
          ],
          [
            106.8283643,
            -6.2379801
          ],
          [
            106.8280826,
            -6.23781
          ],
          [
            106.8279738,
            -6.2377422
          ],
          [
            106.8278467,
            -6.2376568
          ],
          [
            106.8277467,
            -6.2375775
          ],
          [
            106.8276567,
            -6.2374811
          ],
          [
            106.8275866,
            -6.237382
          ],
          [
            106.8275291,
            -6.2372821
          ],
          [
            106.8274813,
            -6.2371637
          ],
          [
            106.8274492,
            -6.237055
          ],
          [
            106.8274279,
            -6.2369145
          ],
          [
            106.8274278,
            -6.2368115
          ],
          [
            106.8274404,
            -6.2366832
          ],
          [
            106.8274714,
            -6.2365614
          ],
          [
            106.8275125,
            -6.2364475
          ],
          [
            106.8275617,
            -6.2363427
          ],
          [
            106.8276237,
            -6.2362364
          ],
          [
            106.8278649,
            -6.2358603
          ],
          [
            106.827955,
            -6.2357277
          ],
          [
            106.8280792,
            -6.2355692
          ],
          [
            106.8282343,
            -6.2353956
          ],
          [
            106.8284496,
            -6.2351767
          ],
          [
            106.8285364,
            -6.2350988
          ],
          [
            106.8286485,
            -6.2350075
          ],
          [
            106.8287853,
            -6.234904
          ],
          [
            106.8288902,
            -6.234835
          ],
          [
            106.8290135,
            -6.2347602
          ],
          [
            106.8292742,
            -6.2346276
          ],
          [
            106.8302902,
            -6.2341667
          ],
          [
            106.8306165,
            -6.2339858
          ],
          [
            106.8308869,
            -6.2338062
          ],
          [
            106.8312114,
            -6.2335691
          ],
          [
            106.831514,
            -6.2333041
          ],
          [
            106.8316821,
            -6.2331316
          ],
          [
            106.83186,
            -6.2329342
          ],
          [
            106.8320363,
            -6.2327229
          ],
          [
            106.8321925,
            -6.2325111
          ],
          [
            106.8323136,
            -6.2323469
          ],
          [
            106.8324047,
            -6.2322059
          ],
          [
            106.8324897,
            -6.2320724
          ],
          [
            106.8325672,
            -6.2319399
          ],
          [
            106.8327163,
            -6.2315998
          ],
          [
            106.8327909,
            -6.2314511
          ],
          [
            106.8328602,
            -6.2312938
          ],
          [
            106.8329136,
            -6.2311363
          ],
          [
            106.8329858,
            -6.2309218
          ],
          [
            106.8331398,
            -6.2304245
          ],
          [
            106.8331948,
            -6.2302234
          ],
          [
            106.8332275,
            -6.2300428
          ],
          [
            106.8332533,
            -6.2298558
          ],
          [
            106.8332711,
            -6.2296635
          ],
          [
            106.8332601,
            -6.2293378
          ],
          [
            106.8332233,
            -6.2287823
          ],
          [
            106.8330363,
            -6.226066
          ],
          [
            106.8330108,
            -6.2257328
          ],
          [
            106.8329184,
            -6.2244418
          ],
          [
            106.8329027,
            -6.2242321
          ],
          [
            106.8328769,
            -6.2240428
          ],
          [
            106.8328364,
            -6.2238536
          ],
          [
            106.8327855,
            -6.2236297
          ],
          [
            106.8324916,
            -6.2225336
          ],
          [
            106.8322652,
            -6.2216294
          ],
          [
            106.8321016,
            -6.2209757
          ],
          [
            106.8320722,
            -6.2208631
          ],
          [
            106.8320128,
            -6.2206456
          ],
          [
            106.8319361,
            -6.2204639
          ],
          [
            106.8316419,
            -6.2198103
          ],
          [
            106.8315048,
            -6.2194837
          ],
          [
            106.8312145,
            -6.2185842
          ],
          [
            106.8310751,
            -6.2180519
          ],
          [
            106.8308783,
            -6.217141
          ],
          [
            106.8308018,
            -6.2167275
          ],
          [
            106.8307502,
            -6.2164452
          ],
          [
            106.8307216,
            -6.2161745
          ],
          [
            106.830477,
            -6.2132268
          ],
          [
            106.8304597,
            -6.2129525
          ],
          [
            106.8304519,
            -6.2126842
          ],
          [
            106.8304705,
            -6.2118351
          ],
          [
            106.8304648,
            -6.2112907
          ],
          [
            106.8304486,
            -6.2110181
          ],
          [
            106.8304079,
            -6.210481
          ],
          [
            106.8303562,
            -6.2099706
          ],
          [
            106.8303156,
            -6.2096953
          ],
          [
            106.8302513,
            -6.209339
          ],
          [
            106.8301845,
            -6.2090294
          ],
          [
            106.8301251,
            -6.2087837
          ],
          [
            106.8300605,
            -6.2085602
          ],
          [
            106.8299605,
            -6.2082629
          ],
          [
            106.8298577,
            -6.2079815
          ],
          [
            106.8297303,
            -6.2076745
          ],
          [
            106.8295649,
            -6.2073119
          ],
          [
            106.8293631,
            -6.2068978
          ],
          [
            106.8292547,
            -6.2067137
          ],
          [
            106.8291542,
            -6.2065852
          ],
          [
            106.8290215,
            -6.2064411
          ],
          [
            106.8288834,
            -6.2062767
          ],
          [
            106.8287703,
            -6.2061151
          ],
          [
            106.8287073,
            -6.2060016
          ],
          [
            106.828647,
            -6.205869
          ],
          [
            106.8285752,
            -6.2057271
          ],
          [
            106.8284841,
            -6.2055852
          ],
          [
            106.8283999,
            -6.2054938
          ],
          [
            106.8283006,
            -6.2054135
          ],
          [
            106.828181,
            -6.2053445
          ],
          [
            106.8280609,
            -6.2052964
          ],
          [
            106.8279343,
            -6.20526
          ],
          [
            106.8278014,
            -6.2052353
          ],
          [
            106.8273963,
            -6.2051795
          ],
          [
            106.827182,
            -6.2051443
          ],
          [
            106.8268498,
            -6.2050799
          ],
          [
            106.826757,
            -6.2050605
          ],
          [
            106.8255355,
            -6.2048049
          ]
        ]
      },
      "id": "relation/16036441"
    },
    {
      "type": "Feature",
      "properties": {
        "@id": "relation/16079478",
        "colour": "#0E6938",
        "description": "From Jatimulya to Dukuh Atas",
        "from": "Jatimulya",
        "name": "Bekasi Line (Jatimulya → Dukuh Atas)",
        "name:id": "Lin Bekasi (Jatimulya → Dukuh Atas)",
        "network": "Jabodebek LRT",
        "operator": "PT Kereta Api Indonesia Divisi LRT Jabodebek",
        "public_transport:version": "2",
        "ref": "BK",
        "route": "light_rail",
        "to": "Dukuh Atas",
        "type": "route",
        "wikidata": "Q56390372",
        "wikipedia": "id:Lin Bekasi (LRT Jabodebek)"
      },
      "geometry": {
        "type": "LineString",
        "coordinates": [
          [
            107.0216705,
            -6.2640876
          ],
          [
            107.0209381,
            -6.2638307
          ],
          [
            107.0200631,
            -6.2635238
          ],
          [
            107.0197705,
            -6.2634197
          ],
          [
            107.0180315,
            -6.2628055
          ],
          [
            107.0179613,
            -6.2627809
          ],
          [
            107.0100926,
            -6.2600242
          ],
          [
            107.0083651,
            -6.2594395
          ],
          [
            107.0072138,
            -6.2590037
          ],
          [
            107.004521,
            -6.2580451
          ],
          [
            106.9975451,
            -6.2555484
          ],
          [
            106.9973385,
            -6.2554703
          ],
          [
            106.9971874,
            -6.2554164
          ],
          [
            106.9943812,
            -6.2544556
          ],
          [
            106.9904367,
            -6.2529239
          ],
          [
            106.9869851,
            -6.2512161
          ],
          [
            106.9861492,
            -6.2508116
          ],
          [
            106.9854461,
            -6.2504369
          ],
          [
            106.9828824,
            -6.2493455
          ],
          [
            106.9818271,
            -6.2489724
          ],
          [
            106.9808677,
            -6.2487245
          ],
          [
            106.9800507,
            -6.2485836
          ],
          [
            106.9783318,
            -6.2484626
          ],
          [
            106.9773062,
            -6.2484734
          ],
          [
            106.9762309,
            -6.2485599
          ],
          [
            106.9750835,
            -6.2487661
          ],
          [
            106.9740857,
            -6.2490126
          ],
          [
            106.9723881,
            -6.249567
          ],
          [
            106.9713313,
            -6.2501305
          ],
          [
            106.9706904,
            -6.2505011
          ],
          [
            106.9686628,
            -6.2518315
          ],
          [
            106.9679446,
            -6.2523094
          ],
          [
            106.9662809,
            -6.253278
          ],
          [
            106.9656117,
            -6.2536699
          ],
          [
            106.9651169,
            -6.253918
          ],
          [
            106.9634601,
            -6.2545735
          ],
          [
            106.9631754,
            -6.2546861
          ],
          [
            106.9625543,
            -6.2549691
          ],
          [
            106.9616253,
            -6.2552738
          ],
          [
            106.9613557,
            -6.2553273
          ],
          [
            106.9608001,
            -6.2553987
          ],
          [
            106.9604085,
            -6.2554174
          ],
          [
            106.9598124,
            -6.2554419
          ],
          [
            106.9595267,
            -6.2554764
          ],
          [
            106.9594301,
            -6.2554857
          ],
          [
            106.9591679,
            -6.2555356
          ],
          [
            106.9590007,
            -6.2555702
          ],
          [
            106.9585655,
            -6.2556617
          ],
          [
            106.958227,
            -6.25573
          ],
          [
            106.9578377,
            -6.2558107
          ],
          [
            106.9575507,
            -6.2558701
          ],
          [
            106.9573149,
            -6.255924
          ],
          [
            106.9568888,
            -6.2560113
          ],
          [
            106.9566581,
            -6.2560682
          ],
          [
            106.9564206,
            -6.2561095
          ],
          [
            106.9559131,
            -6.2562073
          ],
          [
            106.9554209,
            -6.2562408
          ],
          [
            106.9542938,
            -6.2563081
          ],
          [
            106.9527523,
            -6.2565343
          ],
          [
            106.9518783,
            -6.2565806
          ],
          [
            106.9514249,
            -6.2566008
          ],
          [
            106.9494132,
            -6.2567106
          ],
          [
            106.9485767,
            -6.2567314
          ],
          [
            106.9462396,
            -6.2568384
          ],
          [
            106.945928,
            -6.2568233
          ],
          [
            106.945689,
            -6.2568028
          ],
          [
            106.9448487,
            -6.256738
          ],
          [
            106.9443512,
            -6.2566862
          ],
          [
            106.9436733,
            -6.2566348
          ],
          [
            106.9430259,
            -6.2566789
          ],
          [
            106.9427059,
            -6.2567342
          ],
          [
            106.9424954,
            -6.2567689
          ],
          [
            106.9414097,
            -6.2569479
          ],
          [
            106.9406792,
            -6.2570522
          ],
          [
            106.9400338,
            -6.2571161
          ],
          [
            106.9384278,
            -6.2571933
          ],
          [
            106.9367947,
            -6.2572724
          ],
          [
            106.9356392,
            -6.2573242
          ],
          [
            106.9325699,
            -6.2574805
          ],
          [
            106.9279159,
            -6.2577313
          ],
          [
            106.9273506,
            -6.2577618
          ],
          [
            106.9251124,
            -6.2578781
          ],
          [
            106.9224334,
            -6.2580235
          ],
          [
            106.9208597,
            -6.2581035
          ],
          [
            106.9203186,
            -6.2581141
          ],
          [
            106.918098,
            -6.2581795
          ],
          [
            106.9159614,
            -6.2581102
          ],
          [
            106.9153061,
            -6.2580551
          ],
          [
            106.9147939,
            -6.2579745
          ],
          [
            106.9137728,
            -6.2577522
          ],
          [
            106.9131722,
            -6.2576027
          ],
          [
            106.9125867,
            -6.2573995
          ],
          [
            106.9114759,
            -6.2569314
          ],
          [
            106.9110462,
            -6.2567503
          ],
          [
            106.9106163,
            -6.2565692
          ],
          [
            106.910426,
            -6.256489
          ],
          [
            106.9101819,
            -6.2563861
          ],
          [
            106.9099196,
            -6.2562723
          ],
          [
            106.9097802,
            -6.2562118
          ],
          [
            106.9094248,
            -6.2560577
          ],
          [
            106.9089252,
            -6.2558409
          ],
          [
            106.9085574,
            -6.2556814
          ],
          [
            106.9084038,
            -6.2556247
          ],
          [
            106.9076583,
            -6.2553496
          ],
          [
            106.9072488,
            -6.2552025
          ],
          [
            106.9063339,
            -6.2549597
          ],
          [
            106.9054387,
            -6.2546306
          ],
          [
            106.9049522,
            -6.2543951
          ],
          [
            106.9044919,
            -6.2541416
          ],
          [
            106.9041516,
            -6.2539312
          ],
          [
            106.9038686,
            -6.2537459
          ],
          [
            106.9036531,
            -6.2535926
          ],
          [
            106.9033561,
            -6.2533601
          ],
          [
            106.9030706,
            -6.2531206
          ],
          [
            106.9026978,
            -6.2527807
          ],
          [
            106.9023733,
            -6.2524582
          ],
          [
            106.9020752,
            -6.2521294
          ],
          [
            106.901851,
            -6.2518536
          ],
          [
            106.9015713,
            -6.2514809
          ],
          [
            106.9012588,
            -6.2510303
          ],
          [
            106.9008283,
            -6.2502984
          ],
          [
            106.8999256,
            -6.2487209
          ],
          [
            106.8995244,
            -6.2480254
          ],
          [
            106.8984465,
            -6.2465407
          ],
          [
            106.8978185,
            -6.2458691
          ],
          [
            106.8974275,
            -6.2454926
          ],
          [
            106.8967072,
            -6.2449684
          ],
          [
            106.8958614,
            -6.2444547
          ],
          [
            106.8952031,
            -6.2441539
          ],
          [
            106.8945236,
            -6.2439059
          ],
          [
            106.8939113,
            -6.2437282
          ],
          [
            106.8934211,
            -6.2436438
          ],
          [
            106.8929115,
            -6.2435928
          ],
          [
            106.8923204,
            -6.2436016
          ],
          [
            106.8914356,
            -6.2436966
          ],
          [
            106.8910271,
            -6.2437657
          ],
          [
            106.8907322,
            -6.2438342
          ],
          [
            106.890496,
            -6.2439006
          ],
          [
            106.8902633,
            -6.2439727
          ],
          [
            106.8900199,
            -6.2440625
          ],
          [
            106.8896996,
            -6.244205
          ],
          [
            106.8894325,
            -6.2443602
          ],
          [
            106.8891947,
            -6.2445129
          ],
          [
            106.8887547,
            -6.2448136
          ],
          [
            106.8880557,
            -6.245285
          ],
          [
            106.8875319,
            -6.245672
          ],
          [
            106.8872795,
            -6.245852
          ],
          [
            106.8870682,
            -6.2460027
          ],
          [
            106.8864841,
            -6.2463716
          ],
          [
            106.8858349,
            -6.2467378
          ],
          [
            106.8854169,
            -6.2469045
          ],
          [
            106.8850087,
            -6.2470402
          ],
          [
            106.8845388,
            -6.2471449
          ],
          [
            106.8840366,
            -6.2472236
          ],
          [
            106.8837443,
            -6.247242
          ],
          [
            106.8833992,
            -6.2472375
          ],
          [
            106.8813687,
            -6.2471268
          ],
          [
            106.8802906,
            -6.2470749
          ],
          [
            106.8800788,
            -6.2470909
          ],
          [
            106.8797706,
            -6.2471464
          ],
          [
            106.879557,
            -6.2472041
          ],
          [
            106.8793255,
            -6.2472959
          ],
          [
            106.8791429,
            -6.2473895
          ],
          [
            106.8789889,
            -6.2474831
          ],
          [
            106.8784775,
            -6.2478301
          ],
          [
            106.8778028,
            -6.2483084
          ],
          [
            106.8775057,
            -6.2485278
          ],
          [
            106.877208,
            -6.2486615
          ],
          [
            106.877057,
            -6.2487124
          ],
          [
            106.8769049,
            -6.2487442
          ],
          [
            106.8767615,
            -6.2487568
          ],
          [
            106.8765969,
            -6.2487409
          ],
          [
            106.8764181,
            -6.2486788
          ],
          [
            106.8762393,
            -6.2485883
          ],
          [
            106.8760977,
            -6.2484698
          ],
          [
            106.87546,
            -6.2479186
          ],
          [
            106.8751399,
            -6.2476511
          ],
          [
            106.8749377,
            -6.2474695
          ],
          [
            106.8745208,
            -6.247128
          ],
          [
            106.8740121,
            -6.2467076
          ],
          [
            106.8739576,
            -6.2466675
          ],
          [
            106.8739023,
            -6.2466305
          ],
          [
            106.8738307,
            -6.246592
          ],
          [
            106.8737619,
            -6.2465602
          ],
          [
            106.8736799,
            -6.2465303
          ],
          [
            106.8735983,
            -6.2465044
          ],
          [
            106.8733144,
            -6.2464281
          ],
          [
            106.8730155,
            -6.2463566
          ],
          [
            106.8729055,
            -6.2463331
          ],
          [
            106.8719864,
            -6.2460909
          ],
          [
            106.8712341,
            -6.2458886
          ],
          [
            106.8705942,
            -6.2457114
          ],
          [
            106.8704111,
            -6.2456578
          ],
          [
            106.8703003,
            -6.2456251
          ],
          [
            106.8701188,
            -6.2455629
          ],
          [
            106.8699691,
            -6.2455068
          ],
          [
            106.8697843,
            -6.2454314
          ],
          [
            106.869225,
            -6.245178
          ],
          [
            106.8680299,
            -6.2446752
          ],
          [
            106.8673921,
            -6.244388
          ],
          [
            106.8670743,
            -6.244257
          ],
          [
            106.866725,
            -6.2441262
          ],
          [
            106.8658171,
            -6.2438135
          ],
          [
            106.8655557,
            -6.2437301
          ],
          [
            106.8653085,
            -6.2436661
          ],
          [
            106.8650521,
            -6.2436096
          ],
          [
            106.8647854,
            -6.2435591
          ],
          [
            106.8645356,
            -6.2435113
          ],
          [
            106.8643998,
            -6.2434865
          ],
          [
            106.8642428,
            -6.2434607
          ],
          [
            106.8641323,
            -6.2434457
          ],
          [
            106.8640531,
            -6.2434371
          ],
          [
            106.8639717,
            -6.2434297
          ],
          [
            106.8638854,
            -6.2434224
          ],
          [
            106.8638105,
            -6.2434167
          ],
          [
            106.8637304,
            -6.243412
          ],
          [
            106.8636494,
            -6.2434085
          ],
          [
            106.8633981,
            -6.2433997
          ],
          [
            106.8630402,
            -6.2433864
          ],
          [
            106.8627763,
            -6.2433833
          ],
          [
            106.8622748,
            -6.2433981
          ],
          [
            106.8616536,
            -6.2434218
          ],
          [
            106.8612314,
            -6.2434448
          ],
          [
            106.8606467,
            -6.243472
          ],
          [
            106.8600674,
            -6.2434889
          ],
          [
            106.8592753,
            -6.2434976
          ],
          [
            106.8589245,
            -6.2434981
          ],
          [
            106.8582228,
            -6.2434923
          ],
          [
            106.8579312,
            -6.2434887
          ],
          [
            106.8570718,
            -6.2434658
          ],
          [
            106.8563322,
            -6.2434397
          ],
          [
            106.8555973,
            -6.243424
          ],
          [
            106.85228,
            -6.2434036
          ],
          [
            106.8519132,
            -6.2434327
          ],
          [
            106.8500436,
            -6.2435553
          ],
          [
            106.8496572,
            -6.243575
          ],
          [
            106.8488895,
            -6.2435933
          ],
          [
            106.8485146,
            -6.2436071
          ],
          [
            106.8480111,
            -6.2436424
          ],
          [
            106.8468411,
            -6.2437549
          ],
          [
            106.8463125,
            -6.2437743
          ],
          [
            106.8460173,
            -6.2437628
          ],
          [
            106.8434849,
            -6.243631
          ],
          [
            106.8433292,
            -6.2436138
          ],
          [
            106.8430445,
            -6.2435614
          ],
          [
            106.8428353,
            -6.2435057
          ],
          [
            106.8426377,
            -6.2434394
          ],
          [
            106.8424431,
            -6.2433642
          ],
          [
            106.8416499,
            -6.2430054
          ],
          [
            106.8414541,
            -6.2429318
          ],
          [
            106.8412479,
            -6.2428679
          ],
          [
            106.8405088,
            -6.2426862
          ],
          [
            106.8402087,
            -6.2426044
          ],
          [
            106.8391763,
            -6.2422919
          ],
          [
            106.8385223,
            -6.2421132
          ],
          [
            106.8378177,
            -6.2419302
          ],
          [
            106.8369617,
            -6.2417074
          ],
          [
            106.8365386,
            -6.2416029
          ],
          [
            106.835039,
            -6.2412176
          ],
          [
            106.8335595,
            -6.2408274
          ],
          [
            106.8333492,
            -6.2407665
          ],
          [
            106.8331605,
            -6.2407042
          ],
          [
            106.8329457,
            -6.2406218
          ],
          [
            106.832704,
            -6.240515
          ],
          [
            106.8324673,
            -6.2403899
          ],
          [
            106.8320008,
            -6.2401287
          ],
          [
            106.8318048,
            -6.2400137
          ],
          [
            106.8315538,
            -6.2398493
          ],
          [
            106.8309548,
            -6.2394343
          ],
          [
            106.8307275,
            -6.2392885
          ],
          [
            106.8303442,
            -6.2390501
          ],
          [
            106.8297464,
            -6.2386877
          ],
          [
            106.8295524,
            -6.2385869
          ],
          [
            106.8288166,
            -6.2382317
          ],
          [
            106.8285788,
            -6.2381041
          ],
          [
            106.8283643,
            -6.2379801
          ],
          [
            106.8280826,
            -6.23781
          ],
          [
            106.8279738,
            -6.2377422
          ],
          [
            106.8278467,
            -6.2376568
          ],
          [
            106.8277467,
            -6.2375775
          ],
          [
            106.8276567,
            -6.2374811
          ],
          [
            106.8275866,
            -6.237382
          ],
          [
            106.8275291,
            -6.2372821
          ],
          [
            106.8274813,
            -6.2371637
          ],
          [
            106.8274492,
            -6.237055
          ],
          [
            106.8274279,
            -6.2369145
          ],
          [
            106.8274278,
            -6.2368115
          ],
          [
            106.8274404,
            -6.2366832
          ],
          [
            106.8274714,
            -6.2365614
          ],
          [
            106.8275125,
            -6.2364475
          ],
          [
            106.8275617,
            -6.2363427
          ],
          [
            106.8276237,
            -6.2362364
          ],
          [
            106.8278649,
            -6.2358603
          ],
          [
            106.827955,
            -6.2357277
          ],
          [
            106.8280792,
            -6.2355692
          ],
          [
            106.8282343,
            -6.2353956
          ],
          [
            106.8284496,
            -6.2351767
          ],
          [
            106.8285364,
            -6.2350988
          ],
          [
            106.8286485,
            -6.2350075
          ],
          [
            106.8287853,
            -6.234904
          ],
          [
            106.8288902,
            -6.234835
          ],
          [
            106.8290135,
            -6.2347602
          ],
          [
            106.8292742,
            -6.2346276
          ],
          [
            106.8302902,
            -6.2341667
          ],
          [
            106.8306165,
            -6.2339858
          ],
          [
            106.8308869,
            -6.2338062
          ],
          [
            106.8312114,
            -6.2335691
          ],
          [
            106.831514,
            -6.2333041
          ],
          [
            106.8316821,
            -6.2331316
          ],
          [
            106.83186,
            -6.2329342
          ],
          [
            106.8320363,
            -6.2327229
          ],
          [
            106.8321925,
            -6.2325111
          ],
          [
            106.8323136,
            -6.2323469
          ],
          [
            106.8324047,
            -6.2322059
          ],
          [
            106.8324897,
            -6.2320724
          ],
          [
            106.8325672,
            -6.2319399
          ],
          [
            106.8327163,
            -6.2315998
          ],
          [
            106.8327909,
            -6.2314511
          ],
          [
            106.8328602,
            -6.2312938
          ],
          [
            106.8329136,
            -6.2311363
          ],
          [
            106.8329858,
            -6.2309218
          ],
          [
            106.8331398,
            -6.2304245
          ],
          [
            106.8331948,
            -6.2302234
          ],
          [
            106.8332275,
            -6.2300428
          ],
          [
            106.8332533,
            -6.2298558
          ],
          [
            106.8332711,
            -6.2296635
          ],
          [
            106.8332601,
            -6.2293378
          ],
          [
            106.8332233,
            -6.2287823
          ],
          [
            106.8330363,
            -6.226066
          ],
          [
            106.8330108,
            -6.2257328
          ],
          [
            106.8329184,
            -6.2244418
          ],
          [
            106.8329027,
            -6.2242321
          ],
          [
            106.8328769,
            -6.2240428
          ],
          [
            106.8328364,
            -6.2238536
          ],
          [
            106.8327855,
            -6.2236297
          ],
          [
            106.8324916,
            -6.2225336
          ],
          [
            106.8322652,
            -6.2216294
          ],
          [
            106.8321016,
            -6.2209757
          ],
          [
            106.8320722,
            -6.2208631
          ],
          [
            106.8320128,
            -6.2206456
          ],
          [
            106.8319361,
            -6.2204639
          ],
          [
            106.8316419,
            -6.2198103
          ],
          [
            106.8315048,
            -6.2194837
          ],
          [
            106.8312145,
            -6.2185842
          ],
          [
            106.8310751,
            -6.2180519
          ],
          [
            106.8308783,
            -6.217141
          ],
          [
            106.8308018,
            -6.2167275
          ],
          [
            106.8307502,
            -6.2164452
          ],
          [
            106.8307216,
            -6.2161745
          ],
          [
            106.830477,
            -6.2132268
          ],
          [
            106.8304597,
            -6.2129525
          ],
          [
            106.8304519,
            -6.2126842
          ],
          [
            106.8304705,
            -6.2118351
          ],
          [
            106.8304648,
            -6.2112907
          ],
          [
            106.8304486,
            -6.2110181
          ],
          [
            106.8304079,
            -6.210481
          ],
          [
            106.8303562,
            -6.2099706
          ],
          [
            106.8303156,
            -6.2096953
          ],
          [
            106.8302513,
            -6.209339
          ],
          [
            106.8301845,
            -6.2090294
          ],
          [
            106.8301251,
            -6.2087837
          ],
          [
            106.8300605,
            -6.2085602
          ],
          [
            106.8299605,
            -6.2082629
          ],
          [
            106.8298577,
            -6.2079815
          ],
          [
            106.8297303,
            -6.2076745
          ],
          [
            106.8295649,
            -6.2073119
          ],
          [
            106.8293631,
            -6.2068978
          ],
          [
            106.8292547,
            -6.2067137
          ],
          [
            106.8291542,
            -6.2065852
          ],
          [
            106.8290215,
            -6.2064411
          ],
          [
            106.8288834,
            -6.2062767
          ],
          [
            106.8287703,
            -6.2061151
          ],
          [
            106.8287073,
            -6.2060016
          ],
          [
            106.828647,
            -6.205869
          ],
          [
            106.8285752,
            -6.2057271
          ],
          [
            106.8284841,
            -6.2055852
          ],
          [
            106.8283999,
            -6.2054938
          ],
          [
            106.8283006,
            -6.2054135
          ],
          [
            106.828181,
            -6.2053445
          ],
          [
            106.8280609,
            -6.2052964
          ],
          [
            106.8279343,
            -6.20526
          ],
          [
            106.8278014,
            -6.2052353
          ],
          [
            106.8273963,
            -6.2051795
          ],
          [
            106.827182,
            -6.2051443
          ],
          [
            106.8268498,
            -6.2050799
          ],
          [
            106.826757,
            -6.2050605
          ],
          [
            106.8255355,
            -6.2048049
          ]
        ]
      },
      "id": "relation/16079478"
    },
    {
      "type": "Feature",
      "properties": {
        "@id": "relation/16079479",
        "colour": "#0E6938",
        "description": "From Dukuh Atas to Jatimulya",
        "from": "Dukuh Atas",
        "name": "Bekasi Line (Dukuh Atas → Jatimulya)",
        "name:id": "Lin Bekasi (Dukuh Atas → Jatimulya)",
        "network": "Jabodebek LRT",
        "operator": "PT Kereta Api Indonesia Divisi LRT Jabodebek",
        "public_transport:version": "2",
        "ref": "BK",
        "route": "light_rail",
        "to": "Jatimulya",
        "type": "route",
        "wikidata": "Q56390372",
        "wikipedia": "id:Lin Bekasi (LRT Jabodebek)"
      },
      "geometry": {
        "type": "LineString",
        "coordinates": [
          [
            106.8255247,
            -6.2048511
          ],
          [
            106.826366,
            -6.2050271
          ],
          [
            106.8268403,
            -6.2051263
          ],
          [
            106.8271736,
            -6.2051909
          ],
          [
            106.8273892,
            -6.2052263
          ],
          [
            106.8277938,
            -6.205282
          ],
          [
            106.8279233,
            -6.2053061
          ],
          [
            106.8280454,
            -6.2053412
          ],
          [
            106.8281601,
            -6.2053871
          ],
          [
            106.8282735,
            -6.2054525
          ],
          [
            106.8283672,
            -6.2055283
          ],
          [
            106.8284462,
            -6.2056141
          ],
          [
            106.8285338,
            -6.2057505
          ],
          [
            106.828604,
            -6.2058894
          ],
          [
            106.8286647,
            -6.2060228
          ],
          [
            106.8287298,
            -6.2061401
          ],
          [
            106.8288455,
            -6.2063054
          ],
          [
            106.8289857,
            -6.2064723
          ],
          [
            106.8291178,
            -6.2066157
          ],
          [
            106.8292152,
            -6.2067403
          ],
          [
            106.8293211,
            -6.2069201
          ],
          [
            106.8295218,
            -6.207332
          ],
          [
            106.8296866,
            -6.2076933
          ],
          [
            106.8298133,
            -6.2079986
          ],
          [
            106.8299156,
            -6.2082785
          ],
          [
            106.830015,
            -6.2085742
          ],
          [
            106.8300791,
            -6.2087958
          ],
          [
            106.8301381,
            -6.2090399
          ],
          [
            106.8302046,
            -6.2093481
          ],
          [
            106.8302686,
            -6.2097029
          ],
          [
            106.830309,
            -6.2099764
          ],
          [
            106.8303605,
            -6.2104851
          ],
          [
            106.8304011,
            -6.2110213
          ],
          [
            106.8304172,
            -6.2112923
          ],
          [
            106.8304229,
            -6.2118348
          ],
          [
            106.8304043,
            -6.2126844
          ],
          [
            106.8304122,
            -6.2129547
          ],
          [
            106.8304295,
            -6.2132301
          ],
          [
            106.8306742,
            -6.21618
          ],
          [
            106.830701,
            -6.216442
          ],
          [
            106.8307497,
            -6.2167327
          ],
          [
            106.8308398,
            -6.2171773
          ],
          [
            106.8310379,
            -6.218067
          ],
          [
            106.8312024,
            -6.2186473
          ],
          [
            106.8314742,
            -6.2194958
          ],
          [
            106.8316174,
            -6.2198349
          ],
          [
            106.8319067,
            -6.220487
          ],
          [
            106.8319797,
            -6.2206608
          ],
          [
            106.8320321,
            -6.2208728
          ],
          [
            106.8320557,
            -6.2209883
          ],
          [
            106.83222,
            -6.2216446
          ],
          [
            106.8325308,
            -6.2228859
          ],
          [
            106.8327514,
            -6.2236436
          ],
          [
            106.8328049,
            -6.2238598
          ],
          [
            106.8328431,
            -6.2240561
          ],
          [
            106.8328676,
            -6.2242356
          ],
          [
            106.8328863,
            -6.2244439
          ],
          [
            106.8329738,
            -6.2257292
          ],
          [
            106.8329951,
            -6.2260267
          ],
          [
            106.8331817,
            -6.2287874
          ],
          [
            106.8332254,
            -6.2293488
          ],
          [
            106.833227,
            -6.229665
          ],
          [
            106.8332142,
            -6.229855
          ],
          [
            106.8331923,
            -6.2300416
          ],
          [
            106.8331567,
            -6.2302196
          ],
          [
            106.8330997,
            -6.2304165
          ],
          [
            106.8329555,
            -6.2309151
          ],
          [
            106.8328837,
            -6.2311294
          ],
          [
            106.8328284,
            -6.2312843
          ],
          [
            106.8327679,
            -6.2314389
          ],
          [
            106.8326883,
            -6.2315974
          ],
          [
            106.8325262,
            -6.2319284
          ],
          [
            106.8324567,
            -6.2320546
          ],
          [
            106.8323768,
            -6.2321871
          ],
          [
            106.8322841,
            -6.2323316
          ],
          [
            106.8321676,
            -6.2324932
          ],
          [
            106.8319988,
            -6.2326938
          ],
          [
            106.831824,
            -6.2329033
          ],
          [
            106.8316473,
            -6.2330993
          ],
          [
            106.8314811,
            -6.2332698
          ],
          [
            106.8311815,
            -6.2335322
          ],
          [
            106.8308596,
            -6.2337675
          ],
          [
            106.8305917,
            -6.2339454
          ],
          [
            106.8302687,
            -6.2341245
          ],
          [
            106.8292535,
            -6.234585
          ],
          [
            106.8289902,
            -6.2347189
          ],
          [
            106.8288647,
            -6.2347951
          ],
          [
            106.8287577,
            -6.2348654
          ],
          [
            106.828619,
            -6.2349704
          ],
          [
            106.8285054,
            -6.2350629
          ],
          [
            106.8284166,
            -6.2351426
          ],
          [
            106.8281995,
            -6.2353633
          ],
          [
            106.8280426,
            -6.2355389
          ],
          [
            106.8279165,
            -6.2356999
          ],
          [
            106.8278251,
            -6.2358343
          ],
          [
            106.827583,
            -6.2362119
          ],
          [
            106.8275183,
            -6.2363239
          ],
          [
            106.8274685,
            -6.2364294
          ],
          [
            106.8274258,
            -6.2365476
          ],
          [
            106.8273934,
            -6.2366751
          ],
          [
            106.8273802,
            -6.2368092
          ],
          [
            106.8273803,
            -6.2369181
          ],
          [
            106.8274026,
            -6.2370652
          ],
          [
            106.8274363,
            -6.2371792
          ],
          [
            106.8274862,
            -6.2373028
          ],
          [
            106.8275464,
            -6.2374074
          ],
          [
            106.8276196,
            -6.2375109
          ],
          [
            106.8277142,
            -6.2376123
          ],
          [
            106.8278186,
            -6.237695
          ],
          [
            106.8279479,
            -6.2377813
          ],
          [
            106.8283399,
            -6.2380214
          ],
          [
            106.8285556,
            -6.2381454
          ],
          [
            106.8287949,
            -6.2382738
          ],
          [
            106.829531,
            -6.2386291
          ],
          [
            106.829723,
            -6.2387289
          ],
          [
            106.8303192,
            -6.2390903
          ],
          [
            106.830702,
            -6.2393284
          ],
          [
            106.8309283,
            -6.2394736
          ],
          [
            106.8315271,
            -6.2398885
          ],
          [
            106.8317796,
            -6.2400538
          ],
          [
            106.831977,
            -6.2401697
          ],
          [
            106.8324444,
            -6.2404314
          ],
          [
            106.8326831,
            -6.2405576
          ],
          [
            106.8329275,
            -6.2406655
          ],
          [
            106.8331444,
            -6.2407487
          ],
          [
            106.833335,
            -6.2408117
          ],
          [
            106.8335467,
            -6.240873
          ],
          [
            106.8350273,
            -6.2412634
          ],
          [
            106.8361917,
            -6.2415527
          ],
          [
            106.83695,
            -6.2417425
          ],
          [
            106.8378185,
            -6.2419782
          ],
          [
            106.8385115,
            -6.2421686
          ],
          [
            106.8390817,
            -6.2423185
          ],
          [
            106.8399344,
            -6.2425499
          ],
          [
            106.840192,
            -6.2426239
          ],
          [
            106.8404829,
            -6.2427044
          ],
          [
            106.8412373,
            -6.2428992
          ],
          [
            106.8414358,
            -6.2429659
          ],
          [
            106.8416369,
            -6.2430417
          ],
          [
            106.8424266,
            -6.2433936
          ],
          [
            106.842634,
            -6.2434771
          ],
          [
            106.8428247,
            -6.2435402
          ],
          [
            106.8430233,
            -6.2436004
          ],
          [
            106.843259,
            -6.243645
          ],
          [
            106.8434727,
            -6.2436685
          ],
          [
            106.8460244,
            -6.2438049
          ],
          [
            106.846314,
            -6.2438041
          ],
          [
            106.846778,
            -6.2437889
          ],
          [
            106.84801,
            -6.2436703
          ],
          [
            106.8485075,
            -6.2436402
          ],
          [
            106.8488762,
            -6.243622
          ],
          [
            106.8496508,
            -6.2436037
          ],
          [
            106.8500329,
            -6.2435839
          ],
          [
            106.8519107,
            -6.2434577
          ],
          [
            106.8522804,
            -6.2434509
          ],
          [
            106.8556012,
            -6.2434632
          ],
          [
            106.857072,
            -6.2435043
          ],
          [
            106.8579256,
            -6.2435218
          ],
          [
            106.8582865,
            -6.2435287
          ],
          [
            106.8585572,
            -6.2435308
          ],
          [
            106.8588964,
            -6.2435351
          ],
          [
            106.8592647,
            -6.2435346
          ],
          [
            106.8597395,
            -6.2435288
          ],
          [
            106.8600673,
            -6.2435247
          ],
          [
            106.8607094,
            -6.2435083
          ],
          [
            106.8611041,
            -6.2434912
          ],
          [
            106.8616789,
            -6.2434633
          ],
          [
            106.8622424,
            -6.2434405
          ],
          [
            106.8627757,
            -6.2434223
          ],
          [
            106.863092,
            -6.2434241
          ],
          [
            106.8633979,
            -6.2434347
          ],
          [
            106.8636487,
            -6.2434438
          ],
          [
            106.8638045,
            -6.2434523
          ],
          [
            106.8639697,
            -6.2434643
          ],
          [
            106.8641018,
            -6.2434786
          ],
          [
            106.8641659,
            -6.2434873
          ],
          [
            106.8642295,
            -6.2434971
          ],
          [
            106.8645217,
            -6.2435465
          ],
          [
            106.8650436,
            -6.2436436
          ],
          [
            106.8652922,
            -6.2437051
          ],
          [
            106.8655419,
            -6.2437754
          ],
          [
            106.865802,
            -6.2438584
          ],
          [
            106.8667088,
            -6.2441707
          ],
          [
            106.8670568,
            -6.244301
          ],
          [
            106.8673736,
            -6.2444316
          ],
          [
            106.8695594,
            -6.2453671
          ],
          [
            106.8697709,
            -6.2454609
          ],
          [
            106.8700338,
            -6.2455669
          ],
          [
            106.8701555,
            -6.2456107
          ],
          [
            106.8703778,
            -6.2456861
          ],
          [
            106.8705317,
            -6.245735
          ],
          [
            106.8707509,
            -6.2457963
          ],
          [
            106.8712235,
            -6.245926
          ],
          [
            106.8724548,
            -6.2462652
          ],
          [
            106.8727021,
            -6.2463308
          ],
          [
            106.8730389,
            -6.2464119
          ],
          [
            106.8733357,
            -6.2464864
          ],
          [
            106.873588,
            -6.2465548
          ],
          [
            106.8736676,
            -6.2465806
          ],
          [
            106.873739,
            -6.2466068
          ],
          [
            106.8738151,
            -6.2466425
          ],
          [
            106.8738866,
            -6.2466837
          ],
          [
            106.8739521,
            -6.2467299
          ],
          [
            106.874506,
            -6.2471919
          ],
          [
            106.8748948,
            -6.2475086
          ],
          [
            106.874986,
            -6.2475886
          ],
          [
            106.8751245,
            -6.2477095
          ],
          [
            106.875433,
            -6.2479575
          ],
          [
            106.8757054,
            -6.2481904
          ],
          [
            106.8760693,
            -6.2485122
          ],
          [
            106.8762156,
            -6.2486341
          ],
          [
            106.8764034,
            -6.2487208
          ],
          [
            106.8765982,
            -6.2487959
          ],
          [
            106.8767735,
            -6.2488088
          ],
          [
            106.8769186,
            -6.2488003
          ],
          [
            106.8770846,
            -6.2487643
          ],
          [
            106.8772295,
            -6.2487156
          ],
          [
            106.877552,
            -6.248553
          ],
          [
            106.8785095,
            -6.2478677
          ],
          [
            106.8790161,
            -6.2475178
          ],
          [
            106.8791754,
            -6.2474254
          ],
          [
            106.8793255,
            -6.2473478
          ],
          [
            106.8793519,
            -6.2473341
          ],
          [
            106.8794618,
            -6.2472904
          ],
          [
            106.8795799,
            -6.2472435
          ],
          [
            106.8797831,
            -6.247189
          ],
          [
            106.8800801,
            -6.2471353
          ],
          [
            106.8803122,
            -6.2471262
          ],
          [
            106.8813749,
            -6.2471734
          ],
          [
            106.8833958,
            -6.2472813
          ],
          [
            106.8837585,
            -6.247286
          ],
          [
            106.8840472,
            -6.2472698
          ],
          [
            106.8845567,
            -6.2471917
          ],
          [
            106.8850355,
            -6.2470782
          ],
          [
            106.885446,
            -6.2469496
          ],
          [
            106.885865,
            -6.2467759
          ],
          [
            106.8865087,
            -6.2463997
          ],
          [
            106.8870928,
            -6.2460235
          ],
          [
            106.8872969,
            -6.2458773
          ],
          [
            106.8875569,
            -6.2456934
          ],
          [
            106.8880849,
            -6.2453082
          ],
          [
            106.8887789,
            -6.2448342
          ],
          [
            106.8892187,
            -6.2445384
          ],
          [
            106.8894647,
            -6.2443766
          ],
          [
            106.8897284,
            -6.2442289
          ],
          [
            106.8900392,
            -6.244085
          ],
          [
            106.890272,
            -6.2439992
          ],
          [
            106.8905012,
            -6.2439309
          ],
          [
            106.8907409,
            -6.2438647
          ],
          [
            106.8910252,
            -6.2437947
          ],
          [
            106.891457,
            -6.2437253
          ],
          [
            106.8923341,
            -6.2436322
          ],
          [
            106.8929217,
            -6.2436237
          ],
          [
            106.8934198,
            -6.2436745
          ],
          [
            106.8939137,
            -6.2437591
          ],
          [
            106.8945226,
            -6.2439369
          ],
          [
            106.8951996,
            -6.2441824
          ],
          [
            106.8958553,
            -6.2444829
          ],
          [
            106.8967068,
            -6.2449992
          ],
          [
            106.8974221,
            -6.2455241
          ],
          [
            106.8977968,
            -6.2458838
          ],
          [
            106.8984184,
            -6.2465526
          ],
          [
            106.8994932,
            -6.2480427
          ],
          [
            106.8998957,
            -6.2487388
          ],
          [
            106.9007975,
            -6.2503204
          ],
          [
            106.9012374,
            -6.2510656
          ],
          [
            106.9015432,
            -6.2515135
          ],
          [
            106.9018306,
            -6.2518817
          ],
          [
            106.9020536,
            -6.2521524
          ],
          [
            106.9023543,
            -6.2524919
          ],
          [
            106.9026737,
            -6.252812
          ],
          [
            106.9030519,
            -6.2531559
          ],
          [
            106.9033406,
            -6.2533994
          ],
          [
            106.9038566,
            -6.2537825
          ],
          [
            106.9041449,
            -6.2539771
          ],
          [
            106.9044814,
            -6.2541775
          ],
          [
            106.9049415,
            -6.2544397
          ],
          [
            106.9054383,
            -6.2546788
          ],
          [
            106.9063313,
            -6.2550061
          ],
          [
            106.9072398,
            -6.2552446
          ],
          [
            106.9076544,
            -6.2553961
          ],
          [
            106.9125945,
            -6.2574481
          ],
          [
            106.9131603,
            -6.257635
          ],
          [
            106.9138367,
            -6.2578123
          ],
          [
            106.9146822,
            -6.2580025
          ],
          [
            106.9150356,
            -6.2580656
          ],
          [
            106.9152734,
            -6.2581045
          ],
          [
            106.9158777,
            -6.2581541
          ],
          [
            106.9163649,
            -6.2581634
          ],
          [
            106.918143,
            -6.2582259
          ],
          [
            106.9197118,
            -6.2581837
          ],
          [
            106.921446,
            -6.2581195
          ],
          [
            106.9224115,
            -6.2580662
          ],
          [
            106.9250578,
            -6.2579168
          ],
          [
            106.9273054,
            -6.2577984
          ],
          [
            106.9279201,
            -6.2577659
          ],
          [
            106.9322038,
            -6.2575456
          ],
          [
            106.9355494,
            -6.2573699
          ],
          [
            106.9369107,
            -6.2573085
          ],
          [
            106.9383989,
            -6.2572291
          ],
          [
            106.940007,
            -6.257157
          ],
          [
            106.9402366,
            -6.2571392
          ],
          [
            106.9406037,
            -6.2570989
          ],
          [
            106.9407602,
            -6.2570817
          ],
          [
            106.9409707,
            -6.2570586
          ],
          [
            106.9428433,
            -6.2567526
          ],
          [
            106.9434737,
            -6.2566803
          ],
          [
            106.9438352,
            -6.2566795
          ],
          [
            106.9454173,
            -6.2568271
          ],
          [
            106.945869,
            -6.2568629
          ],
          [
            106.9459823,
            -6.2568719
          ],
          [
            106.9462933,
            -6.2568756
          ],
          [
            106.9470143,
            -6.2568433
          ],
          [
            106.9480764,
            -6.2568052
          ],
          [
            106.9484395,
            -6.2567891
          ],
          [
            106.9497964,
            -6.2567477
          ],
          [
            106.9514057,
            -6.2566391
          ],
          [
            106.9518542,
            -6.2566172
          ],
          [
            106.9527756,
            -6.2565795
          ],
          [
            106.9541192,
            -6.2563736
          ],
          [
            106.9554517,
            -6.256278
          ],
          [
            106.9560451,
            -6.2562269
          ],
          [
            106.9574449,
            -6.2559531
          ],
          [
            106.9577544,
            -6.2558734
          ],
          [
            106.9591648,
            -6.255582
          ],
          [
            106.959543,
            -6.2555251
          ],
          [
            106.9599129,
            -6.25549
          ],
          [
            106.9602008,
            -6.2554731
          ],
          [
            106.9607036,
            -6.255453
          ],
          [
            106.9610522,
            -6.2554161
          ],
          [
            106.9616642,
            -6.2553099
          ],
          [
            106.962098,
            -6.2551798
          ],
          [
            106.9626196,
            -6.2549966
          ],
          [
            106.9632016,
            -6.2547311
          ],
          [
            106.965136,
            -6.2539534
          ],
          [
            106.9656359,
            -6.2537079
          ],
          [
            106.9679627,
            -6.2523454
          ],
          [
            106.968696,
            -6.2518674
          ],
          [
            106.9707442,
            -6.2505331
          ],
          [
            106.9713743,
            -6.250172
          ],
          [
            106.9724196,
            -6.2496194
          ],
          [
            106.9741172,
            -6.2490593
          ],
          [
            106.975088,
            -6.2488116
          ],
          [
            106.9762465,
            -6.2486033
          ],
          [
            106.9773125,
            -6.2485176
          ],
          [
            106.9783354,
            -6.2485053
          ],
          [
            106.9800536,
            -6.2486223
          ],
          [
            106.9808611,
            -6.2487654
          ],
          [
            106.9818131,
            -6.2490195
          ],
          [
            106.9828825,
            -6.2493921
          ],
          [
            106.9869747,
            -6.251274
          ],
          [
            106.9904133,
            -6.2529813
          ],
          [
            106.9943996,
            -6.2544716
          ],
          [
            107.0072049,
            -6.2590472
          ],
          [
            107.0083716,
            -6.2594891
          ],
          [
            107.0100929,
            -6.2600677
          ],
          [
            107.0183078,
            -6.2629649
          ],
          [
            107.0197679,
            -6.2634599
          ],
          [
            107.0205491,
            -6.2637343
          ],
          [
            107.0216652,
            -6.2641263
          ]
        ]
      },
      "id": "relation/16079479"
    },
    {
      "type": "Feature",
      "properties": {
        "@id": "way/497958416",
        "@relations": [
          {
            "role": "",
            "rel": 16036441,
            "reltags": {
              "colour": "#20409A",
              "from": "Harjamukti",
              "name": "Cibubur Line (Harjamukti → Dukuh Atas)",
              "name:id": "Lin Cibubur (Harjamukti → Dukuh Atas)",
              "network": "Jabodebek LRT",
              "operator": "Kereta Api Indonesia Divisi LRT Jabodebek",
              "public_transport:version": "2",
              "ref": "CB",
              "route": "light_rail",
              "to": "Dukuh Atas",
              "type": "route",
              "wikidata": "Q56390365"
            }
          }
        ]
      },
      "geometry": {
        "type": "LineString",
        "coordinates": [
          [
            106.8956864,
            -6.3738897
          ],
          [
            106.8955752,
            -6.373282
          ],
          [
            106.895417,
            -6.372453
          ],
          [
            106.895256,
            -6.371536
          ],
          [
            106.8951809,
            -6.3710428
          ],
          [
            106.8950039,
            -6.3697873
          ],
          [
            106.8947008,
            -6.3679587
          ],
          [
            106.8946096,
            -6.3674229
          ],
          [
            106.8945613,
            -6.367199
          ],
          [
            106.8944836,
            -6.3669377
          ],
          [
            106.8942234,
            -6.36625
          ],
          [
            106.8941483,
            -6.3660367
          ],
          [
            106.8940866,
            -6.3658022
          ],
          [
            106.894041,
            -6.3655276
          ],
          [
            106.8937352,
            -6.3632564
          ],
          [
            106.8935153,
            -6.3615824
          ],
          [
            106.8932176,
            -6.359855
          ],
          [
            106.892716,
            -6.3569467
          ],
          [
            106.8926355,
            -6.3565335
          ],
          [
            106.8924156,
            -6.3556005
          ],
          [
            106.89226,
            -6.3550407
          ],
          [
            106.8917316,
            -6.3532227
          ],
          [
            106.8912166,
            -6.3514526
          ],
          [
            106.890876,
            -6.3502024
          ],
          [
            106.890699,
            -6.3495413
          ],
          [
            106.8900204,
            -6.3470861
          ],
          [
            106.8898648,
            -6.3465237
          ],
          [
            106.8898058,
            -6.3462491
          ],
          [
            106.889264,
            -6.3433727
          ],
          [
            106.889044,
            -6.3421758
          ],
          [
            106.8886605,
            -6.3401604
          ],
          [
            106.8884405,
            -6.3390035
          ],
          [
            106.8883413,
            -6.3386063
          ],
          [
            106.8882233,
            -6.3382011
          ],
          [
            106.8880972,
            -6.3377639
          ],
          [
            106.8880221,
            -6.3374813
          ],
          [
            106.8879658,
            -6.3371507
          ],
          [
            106.8870867,
            -6.3317207
          ],
          [
            106.8868867,
            -6.3299266
          ],
          [
            106.8868414,
            -6.3291372
          ],
          [
            106.8868172,
            -6.3281296
          ],
          [
            106.8867929,
            -6.326887
          ],
          [
            106.886793,
            -6.3260725
          ],
          [
            106.8867818,
            -6.3254059
          ],
          [
            106.8867709,
            -6.32451
          ],
          [
            106.8867606,
            -6.3237699
          ],
          [
            106.8867533,
            -6.3232425
          ],
          [
            106.8867393,
            -6.3222932
          ],
          [
            106.8867024,
            -6.3210524
          ],
          [
            106.8866575,
            -6.3192811
          ],
          [
            106.8866331,
            -6.3189758
          ],
          [
            106.8865945,
            -6.3185979
          ],
          [
            106.8865538,
            -6.3181989
          ],
          [
            106.8864578,
            -6.3174683
          ],
          [
            106.8861761,
            -6.3159731
          ],
          [
            106.8860079,
            -6.3151564
          ],
          [
            106.8858213,
            -6.3143642
          ],
          [
            106.8855302,
            -6.3129861
          ],
          [
            106.8854176,
            -6.3125544
          ],
          [
            106.8851914,
            -6.3117343
          ],
          [
            106.885149,
            -6.3116273
          ],
          [
            106.8851065,
            -6.3115303
          ],
          [
            106.8850632,
            -6.3114403
          ],
          [
            106.8850184,
            -6.3113525
          ],
          [
            106.8848225,
            -6.3110035
          ],
          [
            106.8847322,
            -6.3108354
          ],
          [
            106.8846814,
            -6.3107312
          ],
          [
            106.8846454,
            -6.31065
          ],
          [
            106.8846134,
            -6.3105707
          ],
          [
            106.8845874,
            -6.3104941
          ],
          [
            106.8845659,
            -6.310417
          ],
          [
            106.884524,
            -6.3102151
          ],
          [
            106.8844039,
            -6.3095464
          ],
          [
            106.8842917,
            -6.3088886
          ],
          [
            106.8841319,
            -6.3079422
          ],
          [
            106.8839382,
            -6.3069053
          ],
          [
            106.8839276,
            -6.3067852
          ],
          [
            106.8839293,
            -6.3066558
          ],
          [
            106.8839586,
            -6.3065191
          ],
          [
            106.8840063,
            -6.3063753
          ],
          [
            106.8840634,
            -6.3062467
          ],
          [
            106.8843762,
            -6.3056527
          ],
          [
            106.8846741,
            -6.3050895
          ],
          [
            106.8847785,
            -6.3048455
          ],
          [
            106.8848035,
            -6.3047363
          ],
          [
            106.8848308,
            -6.3045167
          ],
          [
            106.8848053,
            -6.3042739
          ],
          [
            106.8847259,
            -6.3040501
          ],
          [
            106.8846226,
            -6.3038875
          ],
          [
            106.8845064,
            -6.3037211
          ],
          [
            106.8843356,
            -6.3035275
          ],
          [
            106.8842616,
            -6.3034251
          ],
          [
            106.8842189,
            -6.3033738
          ],
          [
            106.8841898,
            -6.3033237
          ],
          [
            106.8841581,
            -6.3032889
          ],
          [
            106.8841242,
            -6.3032328
          ],
          [
            106.8840704,
            -6.3031157
          ],
          [
            106.8840447,
            -6.3030068
          ],
          [
            106.8839908,
            -6.3027497
          ],
          [
            106.8839579,
            -6.3026044
          ],
          [
            106.8838739,
            -6.3021211
          ],
          [
            106.883811,
            -6.3017873
          ],
          [
            106.8837699,
            -6.3015613
          ],
          [
            106.8836736,
            -6.3010692
          ],
          [
            106.8836336,
            -6.3008754
          ],
          [
            106.8836158,
            -6.3007843
          ],
          [
            106.8835603,
            -6.3005023
          ],
          [
            106.8835135,
            -6.3002458
          ],
          [
            106.883444,
            -6.2999575
          ],
          [
            106.8833891,
            -6.2997604
          ],
          [
            106.8833339,
            -6.299611
          ],
          [
            106.8832467,
            -6.2993673
          ],
          [
            106.8831869,
            -6.2992004
          ],
          [
            106.8830562,
            -6.2988815
          ],
          [
            106.8828785,
            -6.2984754
          ],
          [
            106.8823134,
            -6.2970798
          ],
          [
            106.8821859,
            -6.296764
          ],
          [
            106.8820056,
            -6.2963232
          ],
          [
            106.8816932,
            -6.2955556
          ],
          [
            106.8816269,
            -6.2953701
          ],
          [
            106.8814327,
            -6.294905
          ],
          [
            106.8811203,
            -6.2941127
          ],
          [
            106.8809643,
            -6.2937441
          ],
          [
            106.8809319,
            -6.2936624
          ],
          [
            106.8808199,
            -6.2933333
          ],
          [
            106.8806543,
            -6.2928817
          ],
          [
            106.8805634,
            -6.2926244
          ],
          [
            106.880477,
            -6.2924255
          ],
          [
            106.8800181,
            -6.2911735
          ],
          [
            106.879916,
            -6.2908691
          ],
          [
            106.8796508,
            -6.29009
          ],
          [
            106.8794753,
            -6.2895815
          ],
          [
            106.8793351,
            -6.2892049
          ],
          [
            106.879117,
            -6.2885892
          ],
          [
            106.8789866,
            -6.288223
          ],
          [
            106.8788302,
            -6.287776
          ],
          [
            106.8785878,
            -6.2871305
          ],
          [
            106.8784783,
            -6.2868448
          ],
          [
            106.8783966,
            -6.2866543
          ],
          [
            106.8782997,
            -6.2864761
          ],
          [
            106.8780274,
            -6.2860425
          ],
          [
            106.8779043,
            -6.2858356
          ],
          [
            106.8773953,
            -6.2849083
          ],
          [
            106.8768571,
            -6.2837388
          ],
          [
            106.8760581,
            -6.2818455
          ],
          [
            106.875716,
            -6.2810433
          ],
          [
            106.8754889,
            -6.2804911
          ],
          [
            106.8752022,
            -6.2798469
          ],
          [
            106.8745185,
            -6.2782997
          ],
          [
            106.8741202,
            -6.2773371
          ]
        ]
      },
      "id": "way/497958416"
    },
    {
      "type": "Feature",
      "properties": {
        "@id": "way/752898462",
        "@relations": [
          {
            "role": "",
            "rel": 16036440,
            "reltags": {
              "colour": "#20409A",
              "from": "Dukuh Atas",
              "name": "Cibubur Line (Dukuh Atas → Harjamukti)",
              "name:id": "Lin Cibubur (Dukuh Atas → Harjamukti)",
              "network": "Jabodebek LRT",
              "operator": "Kereta Api Indonesia Divisi LRT Jabodebek",
              "public_transport:version": "2",
              "ref": "CB",
              "route": "light_rail",
              "to": "Harjamukti",
              "type": "route",
              "wikidata": "Q56390365"
            }
          }
        ]
      },
      "geometry": {
        "type": "LineString",
        "coordinates": [
          [
            106.8740786,
            -6.2773518
          ],
          [
            106.8744848,
            -6.2783208
          ],
          [
            106.8756304,
            -6.2809277
          ],
          [
            106.8760057,
            -6.2818271
          ],
          [
            106.8768285,
            -6.2837689
          ],
          [
            106.8773564,
            -6.2849106
          ],
          [
            106.8775429,
            -6.2852599
          ],
          [
            106.8777252,
            -6.2855958
          ],
          [
            106.8779744,
            -6.2860265
          ],
          [
            106.8782581,
            -6.2864875
          ],
          [
            106.8783749,
            -6.2867071
          ],
          [
            106.8784408,
            -6.2868526
          ],
          [
            106.8785484,
            -6.2871347
          ],
          [
            106.8787723,
            -6.2877179
          ],
          [
            106.8789241,
            -6.2881546
          ],
          [
            106.8789952,
            -6.2883632
          ],
          [
            106.879067,
            -6.2885586
          ],
          [
            106.8791395,
            -6.2887811
          ],
          [
            106.8793019,
            -6.2892264
          ],
          [
            106.8796409,
            -6.2902071
          ],
          [
            106.8799528,
            -6.2910963
          ],
          [
            106.8800179,
            -6.2913016
          ],
          [
            106.8804444,
            -6.292438
          ],
          [
            106.8805313,
            -6.2926472
          ],
          [
            106.8806126,
            -6.2929026
          ],
          [
            106.8808529,
            -6.2935528
          ],
          [
            106.8809261,
            -6.2937445
          ],
          [
            106.8810699,
            -6.2941162
          ],
          [
            106.8813867,
            -6.2949005
          ],
          [
            106.8815929,
            -6.2954157
          ],
          [
            106.8816596,
            -6.2955737
          ],
          [
            106.8819628,
            -6.2963322
          ],
          [
            106.8821125,
            -6.2967023
          ],
          [
            106.8822763,
            -6.2971011
          ],
          [
            106.8828364,
            -6.2984896
          ],
          [
            106.8830106,
            -6.2989002
          ],
          [
            106.8830986,
            -6.2990824
          ],
          [
            106.8832165,
            -6.2993867
          ],
          [
            106.8833328,
            -6.2997437
          ],
          [
            106.8834423,
            -6.3001223
          ],
          [
            106.8835122,
            -6.3004624
          ],
          [
            106.8835847,
            -6.3008394
          ],
          [
            106.8836233,
            -6.3010264
          ],
          [
            106.8836902,
            -6.3013772
          ],
          [
            106.8837212,
            -6.3015462
          ],
          [
            106.8837408,
            -6.3016599
          ],
          [
            106.8837671,
            -6.3017848
          ],
          [
            106.8837867,
            -6.3018708
          ],
          [
            106.8838048,
            -6.3019645
          ],
          [
            106.8838474,
            -6.3021834
          ],
          [
            106.8839174,
            -6.3025401
          ],
          [
            106.8839328,
            -6.3026531
          ],
          [
            106.883945,
            -6.3027007
          ],
          [
            106.8839599,
            -6.3027983
          ],
          [
            106.8839761,
            -6.3028799
          ],
          [
            106.8839941,
            -6.302966
          ],
          [
            106.884043,
            -6.3031546
          ],
          [
            106.8840938,
            -6.30325
          ],
          [
            106.8841283,
            -6.3033076
          ],
          [
            106.884193,
            -6.3034165
          ],
          [
            106.8842571,
            -6.3034925
          ],
          [
            106.8843149,
            -6.3035581
          ],
          [
            106.884454,
            -6.3037312
          ],
          [
            106.8845868,
            -6.3038994
          ],
          [
            106.884676,
            -6.3040484
          ],
          [
            106.8847646,
            -6.3042942
          ],
          [
            106.8847811,
            -6.3044969
          ],
          [
            106.8847718,
            -6.3046585
          ],
          [
            106.884716,
            -6.3048799
          ],
          [
            106.8846201,
            -6.3050929
          ],
          [
            106.8843481,
            -6.305621
          ],
          [
            106.8840186,
            -6.3062196
          ],
          [
            106.8839564,
            -6.306353
          ],
          [
            106.8839072,
            -6.3065074
          ],
          [
            106.8838746,
            -6.306653
          ],
          [
            106.8838744,
            -6.3068267
          ],
          [
            106.8838893,
            -6.3069621
          ],
          [
            106.884079,
            -6.3079554
          ],
          [
            106.8842471,
            -6.3089009
          ],
          [
            106.8843581,
            -6.3095525
          ],
          [
            106.8845249,
            -6.3104291
          ],
          [
            106.8845508,
            -6.3105256
          ],
          [
            106.8845833,
            -6.3106153
          ],
          [
            106.8846206,
            -6.3107036
          ],
          [
            106.8846719,
            -6.3108119
          ],
          [
            106.8847369,
            -6.3109355
          ],
          [
            106.8849639,
            -6.3113379
          ],
          [
            106.8850521,
            -6.3115068
          ],
          [
            106.8851143,
            -6.3116408
          ],
          [
            106.8851713,
            -6.3117953
          ],
          [
            106.8852889,
            -6.3121679
          ],
          [
            106.8853891,
            -6.3125752
          ],
          [
            106.8854873,
            -6.3129583
          ],
          [
            106.8856905,
            -6.313951
          ],
          [
            106.885837,
            -6.3146197
          ],
          [
            106.8859483,
            -6.3151309
          ],
          [
            106.8860656,
            -6.3156606
          ],
          [
            106.8862573,
            -6.3166252
          ],
          [
            106.8863681,
            -6.3172189
          ],
          [
            106.8865074,
            -6.3181405
          ],
          [
            106.8865541,
            -6.3185625
          ],
          [
            106.8866015,
            -6.3189144
          ],
          [
            106.8866327,
            -6.319349
          ],
          [
            106.8866721,
            -6.3210382
          ],
          [
            106.8867011,
            -6.3223056
          ],
          [
            106.8867162,
            -6.3232445
          ],
          [
            106.8867182,
            -6.3237705
          ],
          [
            106.8867352,
            -6.3245153
          ],
          [
            106.8867559,
            -6.3260797
          ],
          [
            106.8867593,
            -6.3269144
          ],
          [
            106.8867688,
            -6.3281347
          ],
          [
            106.8867979,
            -6.3291281
          ],
          [
            106.8868341,
            -6.3299195
          ],
          [
            106.8870485,
            -6.3317391
          ],
          [
            106.8879256,
            -6.3371454
          ],
          [
            106.8879846,
            -6.3374786
          ],
          [
            106.8880543,
            -6.3377772
          ],
          [
            106.8881777,
            -6.3382011
          ],
          [
            106.8883064,
            -6.3386223
          ],
          [
            106.8883976,
            -6.3390115
          ],
          [
            106.8886229,
            -6.3401658
          ],
          [
            106.8890038,
            -6.3421731
          ],
          [
            106.8892291,
            -6.343378
          ],
          [
            106.8897656,
            -6.3462411
          ],
          [
            106.8898272,
            -6.3465343
          ],
          [
            106.8899775,
            -6.3470888
          ],
          [
            106.8906641,
            -6.349544
          ],
          [
            106.8908304,
            -6.3501971
          ],
          [
            106.8911871,
            -6.3514633
          ],
          [
            106.8916914,
            -6.3532227
          ],
          [
            106.8918903,
            -6.3540522
          ],
          [
            106.8922251,
            -6.3550434
          ],
          [
            106.892378,
            -6.3556059
          ],
          [
            106.8925926,
            -6.3565309
          ],
          [
            106.8926784,
            -6.3569547
          ],
          [
            106.8931773,
            -6.3598577
          ],
          [
            106.8934751,
            -6.3615797
          ],
          [
            106.8936923,
            -6.3632591
          ],
          [
            106.8940008,
            -6.3655329
          ],
          [
            106.8940464,
            -6.3658075
          ],
          [
            106.8941081,
            -6.3660501
          ],
          [
            106.8941832,
            -6.3662633
          ],
          [
            106.894446,
            -6.3669537
          ],
          [
            106.8945211,
            -6.3672043
          ],
          [
            106.8945721,
            -6.3674282
          ],
          [
            106.8946606,
            -6.3679533
          ],
          [
            106.8949664,
            -6.369798
          ],
          [
            106.8951353,
            -6.3710321
          ],
          [
            106.8952078,
            -6.371536
          ],
          [
            106.8953767,
            -6.372445
          ],
          [
            106.8955377,
            -6.373274
          ],
          [
            106.8956519,
            -6.3738957
          ]
        ]
      },
      "id": "way/752898462"
    },
    {
      "type": "Feature",
      "properties": {
        "@id": "way/1332161175",
        "@relations": [
          {
            "role": "",
            "rel": 16036440,
            "reltags": {
              "colour": "#20409A",
              "from": "Dukuh Atas",
              "name": "Cibubur Line (Dukuh Atas → Harjamukti)",
              "name:id": "Lin Cibubur (Dukuh Atas → Harjamukti)",
              "network": "Jabodebek LRT",
              "operator": "Kereta Api Indonesia Divisi LRT Jabodebek",
              "public_transport:version": "2",
              "ref": "CB",
              "route": "light_rail",
              "to": "Harjamukti",
              "type": "route",
              "wikidata": "Q56390365"
            }
          }
        ]
      },
      "geometry": {
        "type": "LineString",
        "coordinates": [
          [
            106.8729673,
            -6.2711177
          ],
          [
            106.872991,
            -6.272066
          ],
          [
            106.8730232,
            -6.2725485
          ],
          [
            106.8730769,
            -6.2732497
          ],
          [
            106.8731117,
            -6.2735244
          ],
          [
            106.8731612,
            -6.2737689
          ],
          [
            106.8732887,
            -6.2743989
          ],
          [
            106.8733826,
            -6.2749001
          ],
          [
            106.8735194,
            -6.2755826
          ],
          [
            106.8736213,
            -6.2759932
          ],
          [
            106.8737984,
            -6.2765931
          ],
          [
            106.8738387,
            -6.2767085
          ],
          [
            106.8739191,
            -6.276945
          ],
          [
            106.8740786,
            -6.2773518
          ]
        ]
      },
      "id": "way/1332161175"
    },
    {
      "type": "Feature",
      "properties": {
        "@id": "way/1332161176",
        "@relations": [
          {
            "role": "",
            "rel": 16036441,
            "reltags": {
              "colour": "#20409A",
              "from": "Harjamukti",
              "name": "Cibubur Line (Harjamukti → Dukuh Atas)",
              "name:id": "Lin Cibubur (Harjamukti → Dukuh Atas)",
              "network": "Jabodebek LRT",
              "operator": "Kereta Api Indonesia Divisi LRT Jabodebek",
              "public_transport:version": "2",
              "ref": "CB",
              "route": "light_rail",
              "to": "Dukuh Atas",
              "type": "route",
              "wikidata": "Q56390365"
            }
          }
        ]
      },
      "geometry": {
        "type": "LineString",
        "coordinates": [
          [
            106.8741202,
            -6.2773371
          ],
          [
            106.87397,
            -6.276929
          ],
          [
            106.8738428,
            -6.276591
          ],
          [
            106.8737532,
            -6.2763061
          ],
          [
            106.8736668,
            -6.2760026
          ],
          [
            106.8736117,
            -6.2757907
          ],
          [
            106.8735677,
            -6.2755613
          ],
          [
            106.8734202,
            -6.2748921
          ],
          [
            106.8733236,
            -6.2743882
          ],
          [
            106.8731975,
            -6.2737633
          ],
          [
            106.8731493,
            -6.2735244
          ],
          [
            106.8731171,
            -6.2732444
          ],
          [
            106.8730581,
            -6.2725432
          ],
          [
            106.8730286,
            -6.2720606
          ],
          [
            106.8730022,
            -6.2711177
          ]
        ]
      },
      "id": "way/1332161176"
    },
    {
      "type": "Feature",
      "properties": {
        "@id": "way/499760768",
        "@relations": [
          {
            "role": "",
            "rel": 16079479,
            "reltags": {
              "colour": "#0E6938",
              "description": "From Dukuh Atas to Jatimulya",
              "from": "Dukuh Atas",
              "name": "Bekasi Line (Dukuh Atas → Jatimulya)",
              "name:id": "Lin Bekasi (Dukuh Atas → Jatimulya)",
              "network": "Jabodebek LRT",
              "operator": "PT Kereta Api Indonesia Divisi LRT Jabodebek",
              "public_transport:version": "2",
              "ref": "BK",
              "route": "light_rail",
              "to": "Jatimulya",
              "type": "route",
              "wikidata": "Q56390372",
              "wikipedia": "id:Lin Bekasi (LRT Jabodebek)"
            }
          }
        ]
      },
      "geometry": {
        "type": "LineString",
        "coordinates": [
          [
            106.875433,
            -6.2479575
          ],
          [
            106.8757054,
            -6.2481904
          ],
          [
            106.8760693,
            -6.2485122
          ],
          [
            106.8762156,
            -6.2486341
          ],
          [
            106.8764034,
            -6.2487208
          ],
          [
            106.8765982,
            -6.2487959
          ],
          [
            106.8767735,
            -6.2488088
          ],
          [
            106.8769186,
            -6.2488003
          ],
          [
            106.8770846,
            -6.2487643
          ],
          [
            106.8772295,
            -6.2487156
          ],
          [
            106.877552,
            -6.248553
          ],
          [
            106.8785095,
            -6.2478677
          ],
          [
            106.8790161,
            -6.2475178
          ],
          [
            106.8791754,
            -6.2474254
          ],
          [
            106.8793255,
            -6.2473478
          ],
          [
            106.8793519,
            -6.2473341
          ],
          [
            106.8794618,
            -6.2472904
          ],
          [
            106.8795799,
            -6.2472435
          ],
          [
            106.8797831,
            -6.247189
          ],
          [
            106.8800801,
            -6.2471353
          ],
          [
            106.8803122,
            -6.2471262
          ],
          [
            106.8813749,
            -6.2471734
          ],
          [
            106.8833958,
            -6.2472813
          ],
          [
            106.8837585,
            -6.247286
          ],
          [
            106.8840472,
            -6.2472698
          ],
          [
            106.8845567,
            -6.2471917
          ],
          [
            106.8850355,
            -6.2470782
          ],
          [
            106.885446,
            -6.2469496
          ],
          [
            106.885865,
            -6.2467759
          ],
          [
            106.8865087,
            -6.2463997
          ],
          [
            106.8870928,
            -6.2460235
          ],
          [
            106.8872969,
            -6.2458773
          ],
          [
            106.8875569,
            -6.2456934
          ],
          [
            106.8880849,
            -6.2453082
          ],
          [
            106.8887789,
            -6.2448342
          ],
          [
            106.8892187,
            -6.2445384
          ],
          [
            106.8894647,
            -6.2443766
          ],
          [
            106.8897284,
            -6.2442289
          ],
          [
            106.8900392,
            -6.244085
          ],
          [
            106.890272,
            -6.2439992
          ],
          [
            106.8905012,
            -6.2439309
          ],
          [
            106.8907409,
            -6.2438647
          ],
          [
            106.8910252,
            -6.2437947
          ],
          [
            106.891457,
            -6.2437253
          ],
          [
            106.8923341,
            -6.2436322
          ],
          [
            106.8929217,
            -6.2436237
          ],
          [
            106.8934198,
            -6.2436745
          ],
          [
            106.8939137,
            -6.2437591
          ],
          [
            106.8945226,
            -6.2439369
          ],
          [
            106.8951996,
            -6.2441824
          ],
          [
            106.8958553,
            -6.2444829
          ],
          [
            106.8967068,
            -6.2449992
          ],
          [
            106.8974221,
            -6.2455241
          ],
          [
            106.8977968,
            -6.2458838
          ],
          [
            106.8984184,
            -6.2465526
          ],
          [
            106.8994932,
            -6.2480427
          ],
          [
            106.8998957,
            -6.2487388
          ],
          [
            106.9007975,
            -6.2503204
          ],
          [
            106.9012374,
            -6.2510656
          ],
          [
            106.9015432,
            -6.2515135
          ],
          [
            106.9018306,
            -6.2518817
          ],
          [
            106.9020536,
            -6.2521524
          ],
          [
            106.9023543,
            -6.2524919
          ],
          [
            106.9026737,
            -6.252812
          ],
          [
            106.9030519,
            -6.2531559
          ],
          [
            106.9033406,
            -6.2533994
          ],
          [
            106.9038566,
            -6.2537825
          ],
          [
            106.9041449,
            -6.2539771
          ],
          [
            106.9044814,
            -6.2541775
          ],
          [
            106.9049415,
            -6.2544397
          ],
          [
            106.9054383,
            -6.2546788
          ],
          [
            106.9063313,
            -6.2550061
          ],
          [
            106.9072398,
            -6.2552446
          ],
          [
            106.9076544,
            -6.2553961
          ],
          [
            106.9125945,
            -6.2574481
          ],
          [
            106.9131603,
            -6.257635
          ],
          [
            106.9138367,
            -6.2578123
          ],
          [
            106.9146822,
            -6.2580025
          ],
          [
            106.9150356,
            -6.2580656
          ],
          [
            106.9152734,
            -6.2581045
          ],
          [
            106.9158777,
            -6.2581541
          ],
          [
            106.9163649,
            -6.2581634
          ],
          [
            106.918143,
            -6.2582259
          ],
          [
            106.9197118,
            -6.2581837
          ],
          [
            106.921446,
            -6.2581195
          ],
          [
            106.9224115,
            -6.2580662
          ],
          [
            106.9250578,
            -6.2579168
          ],
          [
            106.9273054,
            -6.2577984
          ],
          [
            106.9279201,
            -6.2577659
          ],
          [
            106.9322038,
            -6.2575456
          ],
          [
            106.9355494,
            -6.2573699
          ],
          [
            106.9369107,
            -6.2573085
          ],
          [
            106.9383989,
            -6.2572291
          ],
          [
            106.940007,
            -6.257157
          ],
          [
            106.9402366,
            -6.2571392
          ],
          [
            106.9406037,
            -6.2570989
          ],
          [
            106.9407602,
            -6.2570817
          ],
          [
            106.9409707,
            -6.2570586
          ],
          [
            106.9428433,
            -6.2567526
          ],
          [
            106.9434737,
            -6.2566803
          ],
          [
            106.9438352,
            -6.2566795
          ],
          [
            106.9454173,
            -6.2568271
          ],
          [
            106.945869,
            -6.2568629
          ],
          [
            106.9459823,
            -6.2568719
          ],
          [
            106.9462933,
            -6.2568756
          ],
          [
            106.9470143,
            -6.2568433
          ],
          [
            106.9480764,
            -6.2568052
          ],
          [
            106.9484395,
            -6.2567891
          ],
          [
            106.9497964,
            -6.2567477
          ],
          [
            106.9514057,
            -6.2566391
          ],
          [
            106.9518542,
            -6.2566172
          ],
          [
            106.9527756,
            -6.2565795
          ],
          [
            106.9541192,
            -6.2563736
          ],
          [
            106.9554517,
            -6.256278
          ],
          [
            106.9560451,
            -6.2562269
          ],
          [
            106.9574449,
            -6.2559531
          ],
          [
            106.9577544,
            -6.2558734
          ],
          [
            106.9591648,
            -6.255582
          ],
          [
            106.959543,
            -6.2555251
          ],
          [
            106.9599129,
            -6.25549
          ],
          [
            106.9602008,
            -6.2554731
          ],
          [
            106.9607036,
            -6.255453
          ],
          [
            106.9610522,
            -6.2554161
          ],
          [
            106.9616642,
            -6.2553099
          ],
          [
            106.962098,
            -6.2551798
          ],
          [
            106.9626196,
            -6.2549966
          ],
          [
            106.9632016,
            -6.2547311
          ],
          [
            106.965136,
            -6.2539534
          ],
          [
            106.9656359,
            -6.2537079
          ],
          [
            106.9679627,
            -6.2523454
          ],
          [
            106.968696,
            -6.2518674
          ],
          [
            106.9707442,
            -6.2505331
          ],
          [
            106.9713743,
            -6.250172
          ],
          [
            106.9724196,
            -6.2496194
          ],
          [
            106.9741172,
            -6.2490593
          ],
          [
            106.975088,
            -6.2488116
          ],
          [
            106.9762465,
            -6.2486033
          ],
          [
            106.9773125,
            -6.2485176
          ],
          [
            106.9783354,
            -6.2485053
          ],
          [
            106.9800536,
            -6.2486223
          ],
          [
            106.9808611,
            -6.2487654
          ],
          [
            106.9818131,
            -6.2490195
          ],
          [
            106.9828825,
            -6.2493921
          ],
          [
            106.9869747,
            -6.251274
          ],
          [
            106.9904133,
            -6.2529813
          ],
          [
            106.9943996,
            -6.2544716
          ],
          [
            107.0072049,
            -6.2590472
          ],
          [
            107.0083716,
            -6.2594891
          ],
          [
            107.0100929,
            -6.2600677
          ],
          [
            107.0183078,
            -6.2629649
          ],
          [
            107.0197679,
            -6.2634599
          ],
          [
            107.0205491,
            -6.2637343
          ],
          [
            107.0216652,
            -6.2641263
          ]
        ]
      },
      "id": "way/499760768"
    },
    {
      "type": "Feature",
      "properties": {
        "@id": "way/508883080",
        "@relations": [
          {
            "role": "",
            "rel": 16079478,
            "reltags": {
              "colour": "#0E6938",
              "description": "From Jatimulya to Dukuh Atas",
              "from": "Jatimulya",
              "name": "Bekasi Line (Jatimulya → Dukuh Atas)",
              "name:id": "Lin Bekasi (Jatimulya → Dukuh Atas)",
              "network": "Jabodebek LRT",
              "operator": "PT Kereta Api Indonesia Divisi LRT Jabodebek",
              "public_transport:version": "2",
              "ref": "BK",
              "route": "light_rail",
              "to": "Dukuh Atas",
              "type": "route",
              "wikidata": "Q56390372",
              "wikipedia": "id:Lin Bekasi (LRT Jabodebek)"
            }
          }
        ]
      },
      "geometry": {
        "type": "LineString",
        "coordinates": [
          [
            107.0179613,
            -6.2627809
          ],
          [
            107.0100926,
            -6.2600242
          ],
          [
            107.0083651,
            -6.2594395
          ],
          [
            107.0072138,
            -6.2590037
          ],
          [
            107.004521,
            -6.2580451
          ],
          [
            106.9975451,
            -6.2555484
          ],
          [
            106.9973385,
            -6.2554703
          ],
          [
            106.9971874,
            -6.2554164
          ],
          [
            106.9943812,
            -6.2544556
          ],
          [
            106.9904367,
            -6.2529239
          ],
          [
            106.9869851,
            -6.2512161
          ],
          [
            106.9861492,
            -6.2508116
          ],
          [
            106.9854461,
            -6.2504369
          ],
          [
            106.9828824,
            -6.2493455
          ],
          [
            106.9818271,
            -6.2489724
          ],
          [
            106.9808677,
            -6.2487245
          ],
          [
            106.9800507,
            -6.2485836
          ],
          [
            106.9783318,
            -6.2484626
          ],
          [
            106.9773062,
            -6.2484734
          ],
          [
            106.9762309,
            -6.2485599
          ],
          [
            106.9750835,
            -6.2487661
          ],
          [
            106.9740857,
            -6.2490126
          ],
          [
            106.9723881,
            -6.249567
          ],
          [
            106.9713313,
            -6.2501305
          ],
          [
            106.9706904,
            -6.2505011
          ],
          [
            106.9686628,
            -6.2518315
          ],
          [
            106.9679446,
            -6.2523094
          ],
          [
            106.9662809,
            -6.253278
          ],
          [
            106.9656117,
            -6.2536699
          ],
          [
            106.9651169,
            -6.253918
          ],
          [
            106.9634601,
            -6.2545735
          ],
          [
            106.9631754,
            -6.2546861
          ],
          [
            106.9625543,
            -6.2549691
          ],
          [
            106.9616253,
            -6.2552738
          ],
          [
            106.9613557,
            -6.2553273
          ],
          [
            106.9608001,
            -6.2553987
          ],
          [
            106.9604085,
            -6.2554174
          ],
          [
            106.9598124,
            -6.2554419
          ],
          [
            106.9595267,
            -6.2554764
          ],
          [
            106.9594301,
            -6.2554857
          ],
          [
            106.9591679,
            -6.2555356
          ],
          [
            106.9590007,
            -6.2555702
          ],
          [
            106.9585655,
            -6.2556617
          ],
          [
            106.958227,
            -6.25573
          ],
          [
            106.9578377,
            -6.2558107
          ],
          [
            106.9575507,
            -6.2558701
          ],
          [
            106.9573149,
            -6.255924
          ],
          [
            106.9568888,
            -6.2560113
          ],
          [
            106.9566581,
            -6.2560682
          ],
          [
            106.9564206,
            -6.2561095
          ],
          [
            106.9559131,
            -6.2562073
          ],
          [
            106.9554209,
            -6.2562408
          ],
          [
            106.9542938,
            -6.2563081
          ],
          [
            106.9527523,
            -6.2565343
          ],
          [
            106.9518783,
            -6.2565806
          ],
          [
            106.9514249,
            -6.2566008
          ],
          [
            106.9494132,
            -6.2567106
          ],
          [
            106.9485767,
            -6.2567314
          ],
          [
            106.9462396,
            -6.2568384
          ],
          [
            106.945928,
            -6.2568233
          ],
          [
            106.945689,
            -6.2568028
          ],
          [
            106.9448487,
            -6.256738
          ],
          [
            106.9443512,
            -6.2566862
          ],
          [
            106.9436733,
            -6.2566348
          ],
          [
            106.9430259,
            -6.2566789
          ],
          [
            106.9427059,
            -6.2567342
          ],
          [
            106.9424954,
            -6.2567689
          ],
          [
            106.9414097,
            -6.2569479
          ],
          [
            106.9406792,
            -6.2570522
          ],
          [
            106.9400338,
            -6.2571161
          ],
          [
            106.9384278,
            -6.2571933
          ],
          [
            106.9367947,
            -6.2572724
          ],
          [
            106.9356392,
            -6.2573242
          ],
          [
            106.9325699,
            -6.2574805
          ],
          [
            106.9279159,
            -6.2577313
          ],
          [
            106.9273506,
            -6.2577618
          ],
          [
            106.9251124,
            -6.2578781
          ],
          [
            106.9224334,
            -6.2580235
          ],
          [
            106.9208597,
            -6.2581035
          ],
          [
            106.9203186,
            -6.2581141
          ],
          [
            106.918098,
            -6.2581795
          ],
          [
            106.9159614,
            -6.2581102
          ],
          [
            106.9153061,
            -6.2580551
          ],
          [
            106.9147939,
            -6.2579745
          ],
          [
            106.9137728,
            -6.2577522
          ],
          [
            106.9131722,
            -6.2576027
          ],
          [
            106.9125867,
            -6.2573995
          ],
          [
            106.9114759,
            -6.2569314
          ],
          [
            106.9110462,
            -6.2567503
          ],
          [
            106.9106163,
            -6.2565692
          ],
          [
            106.910426,
            -6.256489
          ],
          [
            106.9101819,
            -6.2563861
          ],
          [
            106.9099196,
            -6.2562723
          ],
          [
            106.9097802,
            -6.2562118
          ],
          [
            106.9094248,
            -6.2560577
          ],
          [
            106.9089252,
            -6.2558409
          ],
          [
            106.9085574,
            -6.2556814
          ],
          [
            106.9084038,
            -6.2556247
          ],
          [
            106.9076583,
            -6.2553496
          ],
          [
            106.9072488,
            -6.2552025
          ],
          [
            106.9063339,
            -6.2549597
          ],
          [
            106.9054387,
            -6.2546306
          ],
          [
            106.9049522,
            -6.2543951
          ],
          [
            106.9044919,
            -6.2541416
          ],
          [
            106.9041516,
            -6.2539312
          ],
          [
            106.9038686,
            -6.2537459
          ],
          [
            106.9036531,
            -6.2535926
          ],
          [
            106.9033561,
            -6.2533601
          ],
          [
            106.9030706,
            -6.2531206
          ],
          [
            106.9026978,
            -6.2527807
          ],
          [
            106.9023733,
            -6.2524582
          ],
          [
            106.9020752,
            -6.2521294
          ],
          [
            106.901851,
            -6.2518536
          ],
          [
            106.9015713,
            -6.2514809
          ],
          [
            106.9012588,
            -6.2510303
          ],
          [
            106.9008283,
            -6.2502984
          ],
          [
            106.8999256,
            -6.2487209
          ],
          [
            106.8995244,
            -6.2480254
          ],
          [
            106.8984465,
            -6.2465407
          ],
          [
            106.8978185,
            -6.2458691
          ],
          [
            106.8974275,
            -6.2454926
          ],
          [
            106.8967072,
            -6.2449684
          ],
          [
            106.8958614,
            -6.2444547
          ],
          [
            106.8952031,
            -6.2441539
          ],
          [
            106.8945236,
            -6.2439059
          ],
          [
            106.8939113,
            -6.2437282
          ],
          [
            106.8934211,
            -6.2436438
          ],
          [
            106.8929115,
            -6.2435928
          ],
          [
            106.8923204,
            -6.2436016
          ],
          [
            106.8914356,
            -6.2436966
          ],
          [
            106.8910271,
            -6.2437657
          ],
          [
            106.8907322,
            -6.2438342
          ],
          [
            106.890496,
            -6.2439006
          ],
          [
            106.8902633,
            -6.2439727
          ],
          [
            106.8900199,
            -6.2440625
          ],
          [
            106.8896996,
            -6.244205
          ],
          [
            106.8894325,
            -6.2443602
          ],
          [
            106.8891947,
            -6.2445129
          ],
          [
            106.8887547,
            -6.2448136
          ],
          [
            106.8880557,
            -6.245285
          ],
          [
            106.8875319,
            -6.245672
          ],
          [
            106.8872795,
            -6.245852
          ],
          [
            106.8870682,
            -6.2460027
          ],
          [
            106.8864841,
            -6.2463716
          ],
          [
            106.8858349,
            -6.2467378
          ],
          [
            106.8854169,
            -6.2469045
          ],
          [
            106.8850087,
            -6.2470402
          ],
          [
            106.8845388,
            -6.2471449
          ],
          [
            106.8840366,
            -6.2472236
          ],
          [
            106.8837443,
            -6.247242
          ],
          [
            106.8833992,
            -6.2472375
          ],
          [
            106.8813687,
            -6.2471268
          ],
          [
            106.8802906,
            -6.2470749
          ],
          [
            106.8800788,
            -6.2470909
          ],
          [
            106.8797706,
            -6.2471464
          ],
          [
            106.879557,
            -6.2472041
          ],
          [
            106.8793255,
            -6.2472959
          ],
          [
            106.8791429,
            -6.2473895
          ],
          [
            106.8789889,
            -6.2474831
          ],
          [
            106.8784775,
            -6.2478301
          ],
          [
            106.8778028,
            -6.2483084
          ],
          [
            106.8775057,
            -6.2485278
          ],
          [
            106.877208,
            -6.2486615
          ],
          [
            106.877057,
            -6.2487124
          ],
          [
            106.8769049,
            -6.2487442
          ],
          [
            106.8767615,
            -6.2487568
          ],
          [
            106.8765969,
            -6.2487409
          ],
          [
            106.8764181,
            -6.2486788
          ],
          [
            106.8762393,
            -6.2485883
          ],
          [
            106.8760977,
            -6.2484698
          ],
          [
            106.87546,
            -6.2479186
          ]
        ]
      },
      "id": "way/508883080"
    },
    {
      "type": "Feature",
      "properties": {
        "@id": "way/497958415",
        "@relations": [
          {
            "role": "",
            "rel": 16036441,
            "reltags": {
              "colour": "#20409A",
              "from": "Harjamukti",
              "name": "Cibubur Line (Harjamukti → Dukuh Atas)",
              "name:id": "Lin Cibubur (Harjamukti → Dukuh Atas)",
              "network": "Jabodebek LRT",
              "operator": "Kereta Api Indonesia Divisi LRT Jabodebek",
              "public_transport:version": "2",
              "ref": "CB",
              "route": "light_rail",
              "to": "Dukuh Atas",
              "type": "route",
              "wikidata": "Q56390365"
            }
          },
          {
            "role": "",
            "rel": 16079478,
            "reltags": {
              "colour": "#0E6938",
              "description": "From Jatimulya to Dukuh Atas",
              "from": "Jatimulya",
              "name": "Bekasi Line (Jatimulya → Dukuh Atas)",
              "name:id": "Lin Bekasi (Jatimulya → Dukuh Atas)",
              "network": "Jabodebek LRT",
              "operator": "PT Kereta Api Indonesia Divisi LRT Jabodebek",
              "public_transport:version": "2",
              "ref": "BK",
              "route": "light_rail",
              "to": "Dukuh Atas",
              "type": "route",
              "wikidata": "Q56390372",
              "wikipedia": "id:Lin Bekasi (LRT Jabodebek)"
            }
          }
        ]
      },
      "geometry": {
        "type": "LineString",
        "coordinates": [
          [
            106.8697843,
            -6.2454314
          ],
          [
            106.869225,
            -6.245178
          ],
          [
            106.8680299,
            -6.2446752
          ],
          [
            106.8673921,
            -6.244388
          ],
          [
            106.8670743,
            -6.244257
          ],
          [
            106.866725,
            -6.2441262
          ],
          [
            106.8658171,
            -6.2438135
          ],
          [
            106.8655557,
            -6.2437301
          ],
          [
            106.8653085,
            -6.2436661
          ],
          [
            106.8650521,
            -6.2436096
          ],
          [
            106.8647854,
            -6.2435591
          ],
          [
            106.8645356,
            -6.2435113
          ],
          [
            106.8643998,
            -6.2434865
          ],
          [
            106.8642428,
            -6.2434607
          ],
          [
            106.8641323,
            -6.2434457
          ],
          [
            106.8640531,
            -6.2434371
          ],
          [
            106.8639717,
            -6.2434297
          ],
          [
            106.8638854,
            -6.2434224
          ],
          [
            106.8638105,
            -6.2434167
          ],
          [
            106.8637304,
            -6.243412
          ],
          [
            106.8636494,
            -6.2434085
          ],
          [
            106.8633981,
            -6.2433997
          ],
          [
            106.8630402,
            -6.2433864
          ],
          [
            106.8627763,
            -6.2433833
          ],
          [
            106.8622748,
            -6.2433981
          ],
          [
            106.8616536,
            -6.2434218
          ],
          [
            106.8612314,
            -6.2434448
          ],
          [
            106.8606467,
            -6.243472
          ],
          [
            106.8600674,
            -6.2434889
          ],
          [
            106.8592753,
            -6.2434976
          ],
          [
            106.8589245,
            -6.2434981
          ],
          [
            106.8582228,
            -6.2434923
          ],
          [
            106.8579312,
            -6.2434887
          ],
          [
            106.8570718,
            -6.2434658
          ],
          [
            106.8563322,
            -6.2434397
          ],
          [
            106.8555973,
            -6.243424
          ],
          [
            106.85228,
            -6.2434036
          ],
          [
            106.8519132,
            -6.2434327
          ],
          [
            106.8500436,
            -6.2435553
          ],
          [
            106.8496572,
            -6.243575
          ],
          [
            106.8488895,
            -6.2435933
          ],
          [
            106.8485146,
            -6.2436071
          ],
          [
            106.8480111,
            -6.2436424
          ],
          [
            106.8468411,
            -6.2437549
          ],
          [
            106.8463125,
            -6.2437743
          ],
          [
            106.8460173,
            -6.2437628
          ],
          [
            106.8434849,
            -6.243631
          ],
          [
            106.8433292,
            -6.2436138
          ],
          [
            106.8430445,
            -6.2435614
          ],
          [
            106.8428353,
            -6.2435057
          ],
          [
            106.8426377,
            -6.2434394
          ],
          [
            106.8424431,
            -6.2433642
          ],
          [
            106.8416499,
            -6.2430054
          ],
          [
            106.8414541,
            -6.2429318
          ],
          [
            106.8412479,
            -6.2428679
          ],
          [
            106.8405088,
            -6.2426862
          ],
          [
            106.8402087,
            -6.2426044
          ],
          [
            106.8391763,
            -6.2422919
          ],
          [
            106.8385223,
            -6.2421132
          ],
          [
            106.8378177,
            -6.2419302
          ],
          [
            106.8369617,
            -6.2417074
          ],
          [
            106.8365386,
            -6.2416029
          ],
          [
            106.835039,
            -6.2412176
          ],
          [
            106.8335595,
            -6.2408274
          ],
          [
            106.8333492,
            -6.2407665
          ],
          [
            106.8331605,
            -6.2407042
          ],
          [
            106.8329457,
            -6.2406218
          ],
          [
            106.832704,
            -6.240515
          ],
          [
            106.8324673,
            -6.2403899
          ],
          [
            106.8320008,
            -6.2401287
          ],
          [
            106.8318048,
            -6.2400137
          ],
          [
            106.8315538,
            -6.2398493
          ],
          [
            106.8309548,
            -6.2394343
          ],
          [
            106.8307275,
            -6.2392885
          ],
          [
            106.8303442,
            -6.2390501
          ],
          [
            106.8297464,
            -6.2386877
          ],
          [
            106.8295524,
            -6.2385869
          ],
          [
            106.8288166,
            -6.2382317
          ],
          [
            106.8285788,
            -6.2381041
          ],
          [
            106.8283643,
            -6.2379801
          ]
        ]
      },
      "id": "way/497958415"
    },
    {
      "type": "Feature",
      "properties": {
        "@id": "way/501311233",
        "@relations": [
          {
            "role": "",
            "rel": 16036440,
            "reltags": {
              "colour": "#20409A",
              "from": "Dukuh Atas",
              "name": "Cibubur Line (Dukuh Atas → Harjamukti)",
              "name:id": "Lin Cibubur (Dukuh Atas → Harjamukti)",
              "network": "Jabodebek LRT",
              "operator": "Kereta Api Indonesia Divisi LRT Jabodebek",
              "public_transport:version": "2",
              "ref": "CB",
              "route": "light_rail",
              "to": "Harjamukti",
              "type": "route",
              "wikidata": "Q56390365"
            }
          },
          {
            "role": "",
            "rel": 16079479,
            "reltags": {
              "colour": "#0E6938",
              "description": "From Dukuh Atas to Jatimulya",
              "from": "Dukuh Atas",
              "name": "Bekasi Line (Dukuh Atas → Jatimulya)",
              "name:id": "Lin Bekasi (Dukuh Atas → Jatimulya)",
              "network": "Jabodebek LRT",
              "operator": "PT Kereta Api Indonesia Divisi LRT Jabodebek",
              "public_transport:version": "2",
              "ref": "BK",
              "route": "light_rail",
              "to": "Jatimulya",
              "type": "route",
              "wikidata": "Q56390372",
              "wikipedia": "id:Lin Bekasi (LRT Jabodebek)"
            }
          }
        ]
      },
      "geometry": {
        "type": "LineString",
        "coordinates": [
          [
            106.8697709,
            -6.2454609
          ],
          [
            106.8695594,
            -6.2453671
          ],
          [
            106.8673736,
            -6.2444316
          ],
          [
            106.8670568,
            -6.244301
          ],
          [
            106.8667088,
            -6.2441707
          ],
          [
            106.865802,
            -6.2438584
          ],
          [
            106.8655419,
            -6.2437754
          ],
          [
            106.8652922,
            -6.2437051
          ],
          [
            106.8650436,
            -6.2436436
          ],
          [
            106.8645217,
            -6.2435465
          ],
          [
            106.8642295,
            -6.2434971
          ],
          [
            106.8641659,
            -6.2434873
          ],
          [
            106.8641018,
            -6.2434786
          ],
          [
            106.8639697,
            -6.2434643
          ],
          [
            106.8638045,
            -6.2434523
          ],
          [
            106.8636487,
            -6.2434438
          ],
          [
            106.8633979,
            -6.2434347
          ],
          [
            106.863092,
            -6.2434241
          ],
          [
            106.8627757,
            -6.2434223
          ],
          [
            106.8622424,
            -6.2434405
          ],
          [
            106.8616789,
            -6.2434633
          ],
          [
            106.8611041,
            -6.2434912
          ],
          [
            106.8607094,
            -6.2435083
          ],
          [
            106.8600673,
            -6.2435247
          ],
          [
            106.8597395,
            -6.2435288
          ],
          [
            106.8592647,
            -6.2435346
          ],
          [
            106.8588964,
            -6.2435351
          ],
          [
            106.8585572,
            -6.2435308
          ],
          [
            106.8582865,
            -6.2435287
          ],
          [
            106.8579256,
            -6.2435218
          ],
          [
            106.857072,
            -6.2435043
          ],
          [
            106.8556012,
            -6.2434632
          ],
          [
            106.8522804,
            -6.2434509
          ],
          [
            106.8519107,
            -6.2434577
          ],
          [
            106.8500329,
            -6.2435839
          ],
          [
            106.8496508,
            -6.2436037
          ],
          [
            106.8488762,
            -6.243622
          ],
          [
            106.8485075,
            -6.2436402
          ],
          [
            106.84801,
            -6.2436703
          ],
          [
            106.846778,
            -6.2437889
          ],
          [
            106.846314,
            -6.2438041
          ],
          [
            106.8460244,
            -6.2438049
          ],
          [
            106.8434727,
            -6.2436685
          ],
          [
            106.843259,
            -6.243645
          ],
          [
            106.8430233,
            -6.2436004
          ],
          [
            106.8428247,
            -6.2435402
          ],
          [
            106.842634,
            -6.2434771
          ],
          [
            106.8424266,
            -6.2433936
          ],
          [
            106.8416369,
            -6.2430417
          ],
          [
            106.8414358,
            -6.2429659
          ],
          [
            106.8412373,
            -6.2428992
          ],
          [
            106.8404829,
            -6.2427044
          ],
          [
            106.840192,
            -6.2426239
          ],
          [
            106.8399344,
            -6.2425499
          ],
          [
            106.8390817,
            -6.2423185
          ],
          [
            106.8385115,
            -6.2421686
          ],
          [
            106.8378185,
            -6.2419782
          ],
          [
            106.83695,
            -6.2417425
          ],
          [
            106.8361917,
            -6.2415527
          ],
          [
            106.8350273,
            -6.2412634
          ],
          [
            106.8335467,
            -6.240873
          ],
          [
            106.833335,
            -6.2408117
          ],
          [
            106.8331444,
            -6.2407487
          ],
          [
            106.8329275,
            -6.2406655
          ],
          [
            106.8326831,
            -6.2405576
          ],
          [
            106.8324444,
            -6.2404314
          ],
          [
            106.831977,
            -6.2401697
          ],
          [
            106.8317796,
            -6.2400538
          ],
          [
            106.8315271,
            -6.2398885
          ],
          [
            106.8309283,
            -6.2394736
          ],
          [
            106.830702,
            -6.2393284
          ],
          [
            106.8303192,
            -6.2390903
          ],
          [
            106.829723,
            -6.2387289
          ],
          [
            106.829531,
            -6.2386291
          ],
          [
            106.8287949,
            -6.2382738
          ],
          [
            106.8285556,
            -6.2381454
          ],
          [
            106.8283399,
            -6.2380214
          ]
        ]
      },
      "id": "way/501311233"
    },
    {
      "type": "Feature",
      "properties": {
        "@id": "way/1361642970",
        "@relations": [
          {
            "role": "",
            "rel": 16036440,
            "reltags": {
              "colour": "#20409A",
              "from": "Dukuh Atas",
              "name": "Cibubur Line (Dukuh Atas → Harjamukti)",
              "name:id": "Lin Cibubur (Dukuh Atas → Harjamukti)",
              "network": "Jabodebek LRT",
              "operator": "Kereta Api Indonesia Divisi LRT Jabodebek",
              "public_transport:version": "2",
              "ref": "CB",
              "route": "light_rail",
              "to": "Harjamukti",
              "type": "route",
              "wikidata": "Q56390365"
            }
          },
          {
            "role": "",
            "rel": 16079479,
            "reltags": {
              "colour": "#0E6938",
              "description": "From Dukuh Atas to Jatimulya",
              "from": "Dukuh Atas",
              "name": "Bekasi Line (Dukuh Atas → Jatimulya)",
              "name:id": "Lin Bekasi (Dukuh Atas → Jatimulya)",
              "network": "Jabodebek LRT",
              "operator": "PT Kereta Api Indonesia Divisi LRT Jabodebek",
              "public_transport:version": "2",
              "ref": "BK",
              "route": "light_rail",
              "to": "Jatimulya",
              "type": "route",
              "wikidata": "Q56390372",
              "wikipedia": "id:Lin Bekasi (LRT Jabodebek)"
            }
          }
        ]
      },
      "geometry": {
        "type": "LineString",
        "coordinates": [
          [
            106.8255247,
            -6.2048511
          ],
          [
            106.826366,
            -6.2050271
          ],
          [
            106.8268403,
            -6.2051263
          ],
          [
            106.8271736,
            -6.2051909
          ],
          [
            106.8273892,
            -6.2052263
          ],
          [
            106.8277938,
            -6.205282
          ],
          [
            106.8279233,
            -6.2053061
          ],
          [
            106.8280454,
            -6.2053412
          ],
          [
            106.8281601,
            -6.2053871
          ],
          [
            106.8282735,
            -6.2054525
          ],
          [
            106.8283672,
            -6.2055283
          ],
          [
            106.8284462,
            -6.2056141
          ],
          [
            106.8285338,
            -6.2057505
          ],
          [
            106.828604,
            -6.2058894
          ],
          [
            106.8286647,
            -6.2060228
          ],
          [
            106.8287298,
            -6.2061401
          ],
          [
            106.8288455,
            -6.2063054
          ],
          [
            106.8289857,
            -6.2064723
          ],
          [
            106.8291178,
            -6.2066157
          ],
          [
            106.8292152,
            -6.2067403
          ],
          [
            106.8293211,
            -6.2069201
          ],
          [
            106.8295218,
            -6.207332
          ],
          [
            106.8296866,
            -6.2076933
          ],
          [
            106.8298133,
            -6.2079986
          ],
          [
            106.8299156,
            -6.2082785
          ],
          [
            106.830015,
            -6.2085742
          ],
          [
            106.8300791,
            -6.2087958
          ],
          [
            106.8301381,
            -6.2090399
          ],
          [
            106.8302046,
            -6.2093481
          ],
          [
            106.8302686,
            -6.2097029
          ],
          [
            106.830309,
            -6.2099764
          ],
          [
            106.8303605,
            -6.2104851
          ],
          [
            106.8304011,
            -6.2110213
          ],
          [
            106.8304172,
            -6.2112923
          ],
          [
            106.8304229,
            -6.2118348
          ],
          [
            106.8304043,
            -6.2126844
          ],
          [
            106.8304122,
            -6.2129547
          ],
          [
            106.8304295,
            -6.2132301
          ],
          [
            106.8306742,
            -6.21618
          ],
          [
            106.830701,
            -6.216442
          ],
          [
            106.8307497,
            -6.2167327
          ],
          [
            106.8308398,
            -6.2171773
          ],
          [
            106.8310379,
            -6.218067
          ],
          [
            106.8312024,
            -6.2186473
          ],
          [
            106.8314742,
            -6.2194958
          ],
          [
            106.8316174,
            -6.2198349
          ],
          [
            106.8319067,
            -6.220487
          ],
          [
            106.8319797,
            -6.2206608
          ],
          [
            106.8320321,
            -6.2208728
          ],
          [
            106.8320557,
            -6.2209883
          ],
          [
            106.83222,
            -6.2216446
          ],
          [
            106.8325308,
            -6.2228859
          ],
          [
            106.8327514,
            -6.2236436
          ],
          [
            106.8328049,
            -6.2238598
          ],
          [
            106.8328431,
            -6.2240561
          ],
          [
            106.8328676,
            -6.2242356
          ],
          [
            106.8328863,
            -6.2244439
          ],
          [
            106.8329738,
            -6.2257292
          ],
          [
            106.8329951,
            -6.2260267
          ],
          [
            106.8331817,
            -6.2287874
          ],
          [
            106.8332254,
            -6.2293488
          ],
          [
            106.833227,
            -6.229665
          ],
          [
            106.8332142,
            -6.229855
          ],
          [
            106.8331923,
            -6.2300416
          ],
          [
            106.8331567,
            -6.2302196
          ],
          [
            106.8330997,
            -6.2304165
          ],
          [
            106.8329555,
            -6.2309151
          ],
          [
            106.8328837,
            -6.2311294
          ],
          [
            106.8328284,
            -6.2312843
          ],
          [
            106.8327679,
            -6.2314389
          ],
          [
            106.8326883,
            -6.2315974
          ],
          [
            106.8325262,
            -6.2319284
          ],
          [
            106.8324567,
            -6.2320546
          ],
          [
            106.8323768,
            -6.2321871
          ],
          [
            106.8322841,
            -6.2323316
          ],
          [
            106.8321676,
            -6.2324932
          ],
          [
            106.8319988,
            -6.2326938
          ],
          [
            106.831824,
            -6.2329033
          ],
          [
            106.8316473,
            -6.2330993
          ],
          [
            106.8314811,
            -6.2332698
          ],
          [
            106.8311815,
            -6.2335322
          ],
          [
            106.8308596,
            -6.2337675
          ],
          [
            106.8305917,
            -6.2339454
          ],
          [
            106.8302687,
            -6.2341245
          ],
          [
            106.8292535,
            -6.234585
          ],
          [
            106.8289902,
            -6.2347189
          ],
          [
            106.8288647,
            -6.2347951
          ],
          [
            106.8287577,
            -6.2348654
          ],
          [
            106.828619,
            -6.2349704
          ],
          [
            106.8285054,
            -6.2350629
          ],
          [
            106.8284166,
            -6.2351426
          ],
          [
            106.8281995,
            -6.2353633
          ],
          [
            106.8280426,
            -6.2355389
          ],
          [
            106.8279165,
            -6.2356999
          ],
          [
            106.8278251,
            -6.2358343
          ]
        ]
      },
      "id": "way/1361642970"
    },
    {
      "type": "Feature",
      "properties": {
        "@id": "way/1361642971",
        "@relations": [
          {
            "role": "",
            "rel": 16036441,
            "reltags": {
              "colour": "#20409A",
              "from": "Harjamukti",
              "name": "Cibubur Line (Harjamukti → Dukuh Atas)",
              "name:id": "Lin Cibubur (Harjamukti → Dukuh Atas)",
              "network": "Jabodebek LRT",
              "operator": "Kereta Api Indonesia Divisi LRT Jabodebek",
              "public_transport:version": "2",
              "ref": "CB",
              "route": "light_rail",
              "to": "Dukuh Atas",
              "type": "route",
              "wikidata": "Q56390365"
            }
          },
          {
            "role": "",
            "rel": 16079478,
            "reltags": {
              "colour": "#0E6938",
              "description": "From Jatimulya to Dukuh Atas",
              "from": "Jatimulya",
              "name": "Bekasi Line (Jatimulya → Dukuh Atas)",
              "name:id": "Lin Bekasi (Jatimulya → Dukuh Atas)",
              "network": "Jabodebek LRT",
              "operator": "PT Kereta Api Indonesia Divisi LRT Jabodebek",
              "public_transport:version": "2",
              "ref": "BK",
              "route": "light_rail",
              "to": "Dukuh Atas",
              "type": "route",
              "wikidata": "Q56390372",
              "wikipedia": "id:Lin Bekasi (LRT Jabodebek)"
            }
          }
        ]
      },
      "geometry": {
        "type": "LineString",
        "coordinates": [
          [
            106.8278649,
            -6.2358603
          ],
          [
            106.827955,
            -6.2357277
          ],
          [
            106.8280792,
            -6.2355692
          ],
          [
            106.8282343,
            -6.2353956
          ],
          [
            106.8284496,
            -6.2351767
          ],
          [
            106.8285364,
            -6.2350988
          ],
          [
            106.8286485,
            -6.2350075
          ],
          [
            106.8287853,
            -6.234904
          ],
          [
            106.8288902,
            -6.234835
          ],
          [
            106.8290135,
            -6.2347602
          ],
          [
            106.8292742,
            -6.2346276
          ],
          [
            106.8302902,
            -6.2341667
          ],
          [
            106.8306165,
            -6.2339858
          ],
          [
            106.8308869,
            -6.2338062
          ],
          [
            106.8312114,
            -6.2335691
          ],
          [
            106.831514,
            -6.2333041
          ],
          [
            106.8316821,
            -6.2331316
          ],
          [
            106.83186,
            -6.2329342
          ],
          [
            106.8320363,
            -6.2327229
          ],
          [
            106.8321925,
            -6.2325111
          ],
          [
            106.8323136,
            -6.2323469
          ],
          [
            106.8324047,
            -6.2322059
          ],
          [
            106.8324897,
            -6.2320724
          ],
          [
            106.8325672,
            -6.2319399
          ],
          [
            106.8327163,
            -6.2315998
          ],
          [
            106.8327909,
            -6.2314511
          ],
          [
            106.8328602,
            -6.2312938
          ],
          [
            106.8329136,
            -6.2311363
          ],
          [
            106.8329858,
            -6.2309218
          ],
          [
            106.8331398,
            -6.2304245
          ],
          [
            106.8331948,
            -6.2302234
          ],
          [
            106.8332275,
            -6.2300428
          ],
          [
            106.8332533,
            -6.2298558
          ],
          [
            106.8332711,
            -6.2296635
          ],
          [
            106.8332601,
            -6.2293378
          ],
          [
            106.8332233,
            -6.2287823
          ],
          [
            106.8330363,
            -6.226066
          ],
          [
            106.8330108,
            -6.2257328
          ],
          [
            106.8329184,
            -6.2244418
          ],
          [
            106.8329027,
            -6.2242321
          ],
          [
            106.8328769,
            -6.2240428
          ],
          [
            106.8328364,
            -6.2238536
          ],
          [
            106.8327855,
            -6.2236297
          ],
          [
            106.8324916,
            -6.2225336
          ],
          [
            106.8322652,
            -6.2216294
          ],
          [
            106.8321016,
            -6.2209757
          ],
          [
            106.8320722,
            -6.2208631
          ],
          [
            106.8320128,
            -6.2206456
          ],
          [
            106.8319361,
            -6.2204639
          ],
          [
            106.8316419,
            -6.2198103
          ],
          [
            106.8315048,
            -6.2194837
          ],
          [
            106.8312145,
            -6.2185842
          ],
          [
            106.8310751,
            -6.2180519
          ],
          [
            106.8308783,
            -6.217141
          ],
          [
            106.8308018,
            -6.2167275
          ],
          [
            106.8307502,
            -6.2164452
          ],
          [
            106.8307216,
            -6.2161745
          ],
          [
            106.830477,
            -6.2132268
          ],
          [
            106.8304597,
            -6.2129525
          ],
          [
            106.8304519,
            -6.2126842
          ],
          [
            106.8304705,
            -6.2118351
          ],
          [
            106.8304648,
            -6.2112907
          ],
          [
            106.8304486,
            -6.2110181
          ],
          [
            106.8304079,
            -6.210481
          ],
          [
            106.8303562,
            -6.2099706
          ],
          [
            106.8303156,
            -6.2096953
          ],
          [
            106.8302513,
            -6.209339
          ],
          [
            106.8301845,
            -6.2090294
          ],
          [
            106.8301251,
            -6.2087837
          ],
          [
            106.8300605,
            -6.2085602
          ],
          [
            106.8299605,
            -6.2082629
          ],
          [
            106.8298577,
            -6.2079815
          ],
          [
            106.8297303,
            -6.2076745
          ],
          [
            106.8295649,
            -6.2073119
          ],
          [
            106.8293631,
            -6.2068978
          ],
          [
            106.8292547,
            -6.2067137
          ],
          [
            106.8291542,
            -6.2065852
          ],
          [
            106.8290215,
            -6.2064411
          ],
          [
            106.8288834,
            -6.2062767
          ],
          [
            106.8287703,
            -6.2061151
          ],
          [
            106.8287073,
            -6.2060016
          ],
          [
            106.828647,
            -6.205869
          ],
          [
            106.8285752,
            -6.2057271
          ],
          [
            106.8284841,
            -6.2055852
          ],
          [
            106.8283999,
            -6.2054938
          ],
          [
            106.8283006,
            -6.2054135
          ],
          [
            106.828181,
            -6.2053445
          ],
          [
            106.8280609,
            -6.2052964
          ],
          [
            106.8279343,
            -6.20526
          ],
          [
            106.8278014,
            -6.2052353
          ],
          [
            106.8273963,
            -6.2051795
          ],
          [
            106.827182,
            -6.2051443
          ],
          [
            106.8268498,
            -6.2050799
          ],
          [
            106.826757,
            -6.2050605
          ],
          [
            106.8255355,
            -6.2048049
          ]
        ]
      },
      "id": "way/1361642971"
    },
    {
      "type": "Feature",
      "properties": {
        "@id": "way/1361642972",
        "@relations": [
          {
            "role": "",
            "rel": 16036441,
            "reltags": {
              "colour": "#20409A",
              "from": "Harjamukti",
              "name": "Cibubur Line (Harjamukti → Dukuh Atas)",
              "name:id": "Lin Cibubur (Harjamukti → Dukuh Atas)",
              "network": "Jabodebek LRT",
              "operator": "Kereta Api Indonesia Divisi LRT Jabodebek",
              "public_transport:version": "2",
              "ref": "CB",
              "route": "light_rail",
              "to": "Dukuh Atas",
              "type": "route",
              "wikidata": "Q56390365"
            }
          },
          {
            "role": "",
            "rel": 16079478,
            "reltags": {
              "colour": "#0E6938",
              "description": "From Jatimulya to Dukuh Atas",
              "from": "Jatimulya",
              "name": "Bekasi Line (Jatimulya → Dukuh Atas)",
              "name:id": "Lin Bekasi (Jatimulya → Dukuh Atas)",
              "network": "Jabodebek LRT",
              "operator": "PT Kereta Api Indonesia Divisi LRT Jabodebek",
              "public_transport:version": "2",
              "ref": "BK",
              "route": "light_rail",
              "to": "Dukuh Atas",
              "type": "route",
              "wikidata": "Q56390372",
              "wikipedia": "id:Lin Bekasi (LRT Jabodebek)"
            }
          }
        ]
      },
      "geometry": {
        "type": "LineString",
        "coordinates": [
          [
            106.8279738,
            -6.2377422
          ],
          [
            106.8278467,
            -6.2376568
          ],
          [
            106.8277467,
            -6.2375775
          ],
          [
            106.8276567,
            -6.2374811
          ],
          [
            106.8275866,
            -6.237382
          ],
          [
            106.8275291,
            -6.2372821
          ],
          [
            106.8274813,
            -6.2371637
          ],
          [
            106.8274492,
            -6.237055
          ],
          [
            106.8274279,
            -6.2369145
          ],
          [
            106.8274278,
            -6.2368115
          ],
          [
            106.8274404,
            -6.2366832
          ],
          [
            106.8274714,
            -6.2365614
          ],
          [
            106.8275125,
            -6.2364475
          ],
          [
            106.8275617,
            -6.2363427
          ]
        ]
      },
      "id": "way/1361642972"
    },
    {
      "type": "Feature",
      "properties": {
        "@id": "way/1361642973",
        "@relations": [
          {
            "role": "",
            "rel": 16036440,
            "reltags": {
              "colour": "#20409A",
              "from": "Dukuh Atas",
              "name": "Cibubur Line (Dukuh Atas → Harjamukti)",
              "name:id": "Lin Cibubur (Dukuh Atas → Harjamukti)",
              "network": "Jabodebek LRT",
              "operator": "Kereta Api Indonesia Divisi LRT Jabodebek",
              "public_transport:version": "2",
              "ref": "CB",
              "route": "light_rail",
              "to": "Harjamukti",
              "type": "route",
              "wikidata": "Q56390365"
            }
          },
          {
            "role": "",
            "rel": 16079479,
            "reltags": {
              "colour": "#0E6938",
              "description": "From Dukuh Atas to Jatimulya",
              "from": "Dukuh Atas",
              "name": "Bekasi Line (Dukuh Atas → Jatimulya)",
              "name:id": "Lin Bekasi (Dukuh Atas → Jatimulya)",
              "network": "Jabodebek LRT",
              "operator": "PT Kereta Api Indonesia Divisi LRT Jabodebek",
              "public_transport:version": "2",
              "ref": "BK",
              "route": "light_rail",
              "to": "Jatimulya",
              "type": "route",
              "wikidata": "Q56390372",
              "wikipedia": "id:Lin Bekasi (LRT Jabodebek)"
            }
          }
        ]
      },
      "geometry": {
        "type": "LineString",
        "coordinates": [
          [
            106.8279479,
            -6.2377813
          ],
          [
            106.8278186,
            -6.237695
          ],
          [
            106.8277142,
            -6.2376123
          ],
          [
            106.8276196,
            -6.2375109
          ],
          [
            106.8275464,
            -6.2374074
          ],
          [
            106.8274862,
            -6.2373028
          ],
          [
            106.8274363,
            -6.2371792
          ],
          [
            106.8274026,
            -6.2370652
          ],
          [
            106.8273803,
            -6.2369181
          ],
          [
            106.8273802,
            -6.2368092
          ],
          [
            106.8273934,
            -6.2366751
          ],
          [
            106.8274258,
            -6.2365476
          ],
          [
            106.8274685,
            -6.2364294
          ],
          [
            106.8275183,
            -6.2363239
          ]
        ]
      },
      "id": "way/1361642973"
    },
    {
      "type": "Feature",
      "properties": {
        "@id": "way/1367621436",
        "@relations": [
          {
            "role": "",
            "rel": 16036440,
            "reltags": {
              "colour": "#20409A",
              "from": "Dukuh Atas",
              "name": "Cibubur Line (Dukuh Atas → Harjamukti)",
              "name:id": "Lin Cibubur (Dukuh Atas → Harjamukti)",
              "network": "Jabodebek LRT",
              "operator": "Kereta Api Indonesia Divisi LRT Jabodebek",
              "public_transport:version": "2",
              "ref": "CB",
              "route": "light_rail",
              "to": "Harjamukti",
              "type": "route",
              "wikidata": "Q56390365"
            }
          },
          {
            "role": "",
            "rel": 16079479,
            "reltags": {
              "colour": "#0E6938",
              "description": "From Dukuh Atas to Jatimulya",
              "from": "Dukuh Atas",
              "name": "Bekasi Line (Dukuh Atas → Jatimulya)",
              "name:id": "Lin Bekasi (Dukuh Atas → Jatimulya)",
              "network": "Jabodebek LRT",
              "operator": "PT Kereta Api Indonesia Divisi LRT Jabodebek",
              "public_transport:version": "2",
              "ref": "BK",
              "route": "light_rail",
              "to": "Jatimulya",
              "type": "route",
              "wikidata": "Q56390372",
              "wikipedia": "id:Lin Bekasi (LRT Jabodebek)"
            }
          }
        ]
      },
      "geometry": {
        "type": "LineString",
        "coordinates": [
          [
            106.8275183,
            -6.2363239
          ],
          [
            106.827583,
            -6.2362119
          ],
          [
            106.8278251,
            -6.2358343
          ]
        ]
      },
      "id": "way/1367621436"
    },
    {
      "type": "Feature",
      "properties": {
        "@id": "way/1367621437",
        "@relations": [
          {
            "role": "",
            "rel": 16036441,
            "reltags": {
              "colour": "#20409A",
              "from": "Harjamukti",
              "name": "Cibubur Line (Harjamukti → Dukuh Atas)",
              "name:id": "Lin Cibubur (Harjamukti → Dukuh Atas)",
              "network": "Jabodebek LRT",
              "operator": "Kereta Api Indonesia Divisi LRT Jabodebek",
              "public_transport:version": "2",
              "ref": "CB",
              "route": "light_rail",
              "to": "Dukuh Atas",
              "type": "route",
              "wikidata": "Q56390365"
            }
          },
          {
            "role": "",
            "rel": 16079478,
            "reltags": {
              "colour": "#0E6938",
              "description": "From Jatimulya to Dukuh Atas",
              "from": "Jatimulya",
              "name": "Bekasi Line (Jatimulya → Dukuh Atas)",
              "name:id": "Lin Bekasi (Jatimulya → Dukuh Atas)",
              "network": "Jabodebek LRT",
              "operator": "PT Kereta Api Indonesia Divisi LRT Jabodebek",
              "public_transport:version": "2",
              "ref": "BK",
              "route": "light_rail",
              "to": "Dukuh Atas",
              "type": "route",
              "wikidata": "Q56390372",
              "wikipedia": "id:Lin Bekasi (LRT Jabodebek)"
            }
          }
        ]
      },
      "geometry": {
        "type": "LineString",
        "coordinates": [
          [
            106.8275617,
            -6.2363427
          ],
          [
            106.8276237,
            -6.2362364
          ],
          [
            106.8278649,
            -6.2358603
          ]
        ]
      },
      "id": "way/1367621437"
    },
    {
      "type": "Feature",
      "properties": {
        "@id": "way/1367621438",
        "@relations": [
          {
            "role": "",
            "rel": 16036440,
            "reltags": {
              "colour": "#20409A",
              "from": "Dukuh Atas",
              "name": "Cibubur Line (Dukuh Atas → Harjamukti)",
              "name:id": "Lin Cibubur (Dukuh Atas → Harjamukti)",
              "network": "Jabodebek LRT",
              "operator": "Kereta Api Indonesia Divisi LRT Jabodebek",
              "public_transport:version": "2",
              "ref": "CB",
              "route": "light_rail",
              "to": "Harjamukti",
              "type": "route",
              "wikidata": "Q56390365"
            }
          },
          {
            "role": "",
            "rel": 16079479,
            "reltags": {
              "colour": "#0E6938",
              "description": "From Dukuh Atas to Jatimulya",
              "from": "Dukuh Atas",
              "name": "Bekasi Line (Dukuh Atas → Jatimulya)",
              "name:id": "Lin Bekasi (Dukuh Atas → Jatimulya)",
              "network": "Jabodebek LRT",
              "operator": "PT Kereta Api Indonesia Divisi LRT Jabodebek",
              "public_transport:version": "2",
              "ref": "BK",
              "route": "light_rail",
              "to": "Jatimulya",
              "type": "route",
              "wikidata": "Q56390372",
              "wikipedia": "id:Lin Bekasi (LRT Jabodebek)"
            }
          }
        ]
      },
      "geometry": {
        "type": "LineString",
        "coordinates": [
          [
            106.8283399,
            -6.2380214
          ],
          [
            106.8279479,
            -6.2377813
          ]
        ]
      },
      "id": "way/1367621438"
    },
    {
      "type": "Feature",
      "properties": {
        "@id": "way/1367621439",
        "@relations": [
          {
            "role": "",
            "rel": 16036441,
            "reltags": {
              "colour": "#20409A",
              "from": "Harjamukti",
              "name": "Cibubur Line (Harjamukti → Dukuh Atas)",
              "name:id": "Lin Cibubur (Harjamukti → Dukuh Atas)",
              "network": "Jabodebek LRT",
              "operator": "Kereta Api Indonesia Divisi LRT Jabodebek",
              "public_transport:version": "2",
              "ref": "CB",
              "route": "light_rail",
              "to": "Dukuh Atas",
              "type": "route",
              "wikidata": "Q56390365"
            }
          },
          {
            "role": "",
            "rel": 16079478,
            "reltags": {
              "colour": "#0E6938",
              "description": "From Jatimulya to Dukuh Atas",
              "from": "Jatimulya",
              "name": "Bekasi Line (Jatimulya → Dukuh Atas)",
              "name:id": "Lin Bekasi (Jatimulya → Dukuh Atas)",
              "network": "Jabodebek LRT",
              "operator": "PT Kereta Api Indonesia Divisi LRT Jabodebek",
              "public_transport:version": "2",
              "ref": "BK",
              "route": "light_rail",
              "to": "Dukuh Atas",
              "type": "route",
              "wikidata": "Q56390372",
              "wikipedia": "id:Lin Bekasi (LRT Jabodebek)"
            }
          }
        ]
      },
      "geometry": {
        "type": "LineString",
        "coordinates": [
          [
            106.8283643,
            -6.2379801
          ],
          [
            106.8280826,
            -6.23781
          ],
          [
            106.8279738,
            -6.2377422
          ]
        ]
      },
      "id": "way/1367621439"
    },
    {
      "type": "Feature",
      "properties": {
        "@id": "way/1332161173",
        "@relations": [
          {
            "role": "",
            "rel": 16036440,
            "reltags": {
              "colour": "#20409A",
              "from": "Dukuh Atas",
              "name": "Cibubur Line (Dukuh Atas → Harjamukti)",
              "name:id": "Lin Cibubur (Dukuh Atas → Harjamukti)",
              "network": "Jabodebek LRT",
              "operator": "Kereta Api Indonesia Divisi LRT Jabodebek",
              "public_transport:version": "2",
              "ref": "CB",
              "route": "light_rail",
              "to": "Harjamukti",
              "type": "route",
              "wikidata": "Q56390365"
            }
          }
        ]
      },
      "geometry": {
        "type": "LineString",
        "coordinates": [
          [
            106.875433,
            -6.2479575
          ],
          [
            106.875643,
            -6.2481856
          ],
          [
            106.8757285,
            -6.2482977
          ],
          [
            106.875787,
            -6.2483983
          ],
          [
            106.8758296,
            -6.2484861
          ],
          [
            106.8758529,
            -6.2485631
          ],
          [
            106.8758615,
            -6.248627
          ],
          [
            106.8758666,
            -6.248743
          ],
          [
            106.8758582,
            -6.2488664
          ],
          [
            106.8758178,
            -6.2489997
          ],
          [
            106.875772,
            -6.2490917
          ],
          [
            106.8756692,
            -6.2492597
          ],
          [
            106.8754762,
            -6.2495003
          ],
          [
            106.8750842,
            -6.2499102
          ],
          [
            106.8747093,
            -6.2502512
          ],
          [
            106.8743555,
            -6.2505961
          ],
          [
            106.8738167,
            -6.2510976
          ],
          [
            106.8734328,
            -6.2514606
          ],
          [
            106.8731408,
            -6.2518167
          ],
          [
            106.873023,
            -6.2519754
          ],
          [
            106.8729226,
            -6.2521253
          ],
          [
            106.8728034,
            -6.2523351
          ],
          [
            106.8726807,
            -6.252575
          ],
          [
            106.8725077,
            -6.252979
          ],
          [
            106.8717983,
            -6.2548384
          ],
          [
            106.871717,
            -6.2550911
          ],
          [
            106.8716721,
            -6.2552943
          ],
          [
            106.8716773,
            -6.2554442
          ],
          [
            106.8716921,
            -6.2556149
          ],
          [
            106.8717495,
            -6.2558056
          ],
          [
            106.8718149,
            -6.2559277
          ],
          [
            106.871864,
            -6.2559952
          ],
          [
            106.8719832,
            -6.2561288
          ],
          [
            106.8727702,
            -6.2567197
          ],
          [
            106.8729576,
            -6.2568879
          ],
          [
            106.8730593,
            -6.257032
          ],
          [
            106.8730944,
            -6.2571054
          ],
          [
            106.8731203,
            -6.2571846
          ],
          [
            106.8731659,
            -6.2573263
          ],
          [
            106.8734339,
            -6.2587278
          ],
          [
            106.8734877,
            -6.2591189
          ],
          [
            106.8735091,
            -6.2595856
          ],
          [
            106.8735138,
            -6.2600303
          ],
          [
            106.8733854,
            -6.262226
          ],
          [
            106.8733342,
            -6.2629757
          ],
          [
            106.8732888,
            -6.2636641
          ],
          [
            106.8732624,
            -6.2643114
          ],
          [
            106.8732826,
            -6.2647045
          ],
          [
            106.8734117,
            -6.26558
          ],
          [
            106.8734846,
            -6.2662246
          ],
          [
            106.8734848,
            -6.266731
          ],
          [
            106.8734458,
            -6.2670735
          ],
          [
            106.8733901,
            -6.2674283
          ],
          [
            106.8730812,
            -6.2689835
          ],
          [
            106.8730231,
            -6.2694216
          ],
          [
            106.8729974,
            -6.269735
          ],
          [
            106.8729833,
            -6.2699882
          ],
          [
            106.8729746,
            -6.2702745
          ],
          [
            106.8729753,
            -6.2705578
          ],
          [
            106.8729673,
            -6.2711177
          ]
        ]
      },
      "id": "way/1332161173"
    },
    {
      "type": "Feature",
      "properties": {
        "@id": "way/1332161174",
        "@relations": [
          {
            "role": "",
            "rel": 16036441,
            "reltags": {
              "colour": "#20409A",
              "from": "Harjamukti",
              "name": "Cibubur Line (Harjamukti → Dukuh Atas)",
              "name:id": "Lin Cibubur (Harjamukti → Dukuh Atas)",
              "network": "Jabodebek LRT",
              "operator": "Kereta Api Indonesia Divisi LRT Jabodebek",
              "public_transport:version": "2",
              "ref": "CB",
              "route": "light_rail",
              "to": "Dukuh Atas",
              "type": "route",
              "wikidata": "Q56390365"
            }
          }
        ]
      },
      "geometry": {
        "type": "LineString",
        "coordinates": [
          [
            106.8730022,
            -6.2711177
          ],
          [
            106.8730128,
            -6.2705752
          ],
          [
            106.8730128,
            -6.2702944
          ],
          [
            106.8730287,
            -6.2699968
          ],
          [
            106.873038,
            -6.2697123
          ],
          [
            106.87307,
            -6.2693878
          ],
          [
            106.8731242,
            -6.2689552
          ],
          [
            106.8734265,
            -6.2674467
          ],
          [
            106.8734956,
            -6.2670668
          ],
          [
            106.8735288,
            -6.2667328
          ],
          [
            106.8735165,
            -6.2661848
          ],
          [
            106.8734552,
            -6.2655654
          ],
          [
            106.8733239,
            -6.2646881
          ],
          [
            106.8733088,
            -6.2642496
          ],
          [
            106.8733298,
            -6.2636866
          ],
          [
            106.8733753,
            -6.2629456
          ],
          [
            106.8734314,
            -6.2622016
          ],
          [
            106.8735584,
            -6.2598802
          ],
          [
            106.8735504,
            -6.2595489
          ],
          [
            106.8735447,
            -6.2593198
          ],
          [
            106.8735236,
            -6.259061
          ],
          [
            106.8734688,
            -6.2587338
          ],
          [
            106.8732114,
            -6.257342
          ],
          [
            106.87316,
            -6.2571686
          ],
          [
            106.8730943,
            -6.2570247
          ],
          [
            106.8729904,
            -6.2568647
          ],
          [
            106.872805,
            -6.2566998
          ],
          [
            106.8720212,
            -6.2561218
          ],
          [
            106.871946,
            -6.2560329
          ],
          [
            106.8718465,
            -6.2558893
          ],
          [
            106.8717756,
            -6.2557382
          ],
          [
            106.8717439,
            -6.2556216
          ],
          [
            106.8717131,
            -6.2554154
          ],
          [
            106.8717227,
            -6.2552583
          ],
          [
            106.871761,
            -6.2551018
          ],
          [
            106.8718514,
            -6.2548209
          ],
          [
            106.8724429,
            -6.2532639
          ],
          [
            106.8725455,
            -6.2530102
          ],
          [
            106.8726192,
            -6.2528077
          ],
          [
            106.8727115,
            -6.2526089
          ],
          [
            106.8729062,
            -6.2522472
          ],
          [
            106.8730305,
            -6.2520353
          ],
          [
            106.8732343,
            -6.251753
          ],
          [
            106.8734492,
            -6.2515108
          ],
          [
            106.8737072,
            -6.2512525
          ],
          [
            106.8744478,
            -6.2505606
          ],
          [
            106.8748714,
            -6.2501655
          ],
          [
            106.8750834,
            -6.249944
          ],
          [
            106.8753322,
            -6.2497181
          ],
          [
            106.8755204,
            -6.2495139
          ],
          [
            106.8756705,
            -6.2493283
          ],
          [
            106.875758,
            -6.2492067
          ],
          [
            106.8758462,
            -6.2490586
          ],
          [
            106.8758882,
            -6.2489508
          ],
          [
            106.8759136,
            -6.2488385
          ],
          [
            106.8759204,
            -6.2487258
          ],
          [
            106.8759164,
            -6.2486091
          ],
          [
            106.8758975,
            -6.2485184
          ],
          [
            106.8758566,
            -6.2484227
          ],
          [
            106.8758024,
            -6.2483251
          ],
          [
            106.8757054,
            -6.2481904
          ],
          [
            106.87546,
            -6.2479186
          ]
        ]
      },
      "id": "way/1332161174"
    },
    {
      "type": "Feature",
      "properties": {
        "@id": "way/1364419051",
        "@relations": [
          {
            "role": "",
            "rel": 16036441,
            "reltags": {
              "colour": "#20409A",
              "from": "Harjamukti",
              "name": "Cibubur Line (Harjamukti → Dukuh Atas)",
              "name:id": "Lin Cibubur (Harjamukti → Dukuh Atas)",
              "network": "Jabodebek LRT",
              "operator": "Kereta Api Indonesia Divisi LRT Jabodebek",
              "public_transport:version": "2",
              "ref": "CB",
              "route": "light_rail",
              "to": "Dukuh Atas",
              "type": "route",
              "wikidata": "Q56390365"
            }
          },
          {
            "role": "",
            "rel": 16079478,
            "reltags": {
              "colour": "#0E6938",
              "description": "From Jatimulya to Dukuh Atas",
              "from": "Jatimulya",
              "name": "Bekasi Line (Jatimulya → Dukuh Atas)",
              "name:id": "Lin Bekasi (Jatimulya → Dukuh Atas)",
              "network": "Jabodebek LRT",
              "operator": "PT Kereta Api Indonesia Divisi LRT Jabodebek",
              "public_transport:version": "2",
              "ref": "BK",
              "route": "light_rail",
              "to": "Dukuh Atas",
              "type": "route",
              "wikidata": "Q56390372",
              "wikipedia": "id:Lin Bekasi (LRT Jabodebek)"
            }
          }
        ]
      },
      "geometry": {
        "type": "LineString",
        "coordinates": [
          [
            106.87546,
            -6.2479186
          ],
          [
            106.8751399,
            -6.2476511
          ],
          [
            106.8749377,
            -6.2474695
          ],
          [
            106.8745208,
            -6.247128
          ],
          [
            106.8740121,
            -6.2467076
          ],
          [
            106.8739576,
            -6.2466675
          ],
          [
            106.8739023,
            -6.2466305
          ],
          [
            106.8738307,
            -6.246592
          ],
          [
            106.8737619,
            -6.2465602
          ],
          [
            106.8736799,
            -6.2465303
          ],
          [
            106.8735983,
            -6.2465044
          ],
          [
            106.8733144,
            -6.2464281
          ],
          [
            106.8730155,
            -6.2463566
          ],
          [
            106.8729055,
            -6.2463331
          ]
        ]
      },
      "id": "way/1364419051"
    },
    {
      "type": "Feature",
      "properties": {
        "@id": "way/1364419052",
        "@relations": [
          {
            "role": "",
            "rel": 16036440,
            "reltags": {
              "colour": "#20409A",
              "from": "Dukuh Atas",
              "name": "Cibubur Line (Dukuh Atas → Harjamukti)",
              "name:id": "Lin Cibubur (Dukuh Atas → Harjamukti)",
              "network": "Jabodebek LRT",
              "operator": "Kereta Api Indonesia Divisi LRT Jabodebek",
              "public_transport:version": "2",
              "ref": "CB",
              "route": "light_rail",
              "to": "Harjamukti",
              "type": "route",
              "wikidata": "Q56390365"
            }
          },
          {
            "role": "",
            "rel": 16079479,
            "reltags": {
              "colour": "#0E6938",
              "description": "From Dukuh Atas to Jatimulya",
              "from": "Dukuh Atas",
              "name": "Bekasi Line (Dukuh Atas → Jatimulya)",
              "name:id": "Lin Bekasi (Dukuh Atas → Jatimulya)",
              "network": "Jabodebek LRT",
              "operator": "PT Kereta Api Indonesia Divisi LRT Jabodebek",
              "public_transport:version": "2",
              "ref": "BK",
              "route": "light_rail",
              "to": "Jatimulya",
              "type": "route",
              "wikidata": "Q56390372",
              "wikipedia": "id:Lin Bekasi (LRT Jabodebek)"
            }
          }
        ]
      },
      "geometry": {
        "type": "LineString",
        "coordinates": [
          [
            106.875433,
            -6.2479575
          ],
          [
            106.8751245,
            -6.2477095
          ],
          [
            106.874986,
            -6.2475886
          ],
          [
            106.8748948,
            -6.2475086
          ],
          [
            106.874506,
            -6.2471919
          ],
          [
            106.8739521,
            -6.2467299
          ],
          [
            106.8738866,
            -6.2466837
          ],
          [
            106.8738151,
            -6.2466425
          ],
          [
            106.873739,
            -6.2466068
          ],
          [
            106.8736676,
            -6.2465806
          ],
          [
            106.873588,
            -6.2465548
          ],
          [
            106.8733357,
            -6.2464864
          ],
          [
            106.8730389,
            -6.2464119
          ],
          [
            106.8727021,
            -6.2463308
          ]
        ]
      },
      "id": "way/1364419052"
    },
    {
      "type": "Feature",
      "properties": {
        "@id": "way/1364419053",
        "@relations": [
          {
            "role": "",
            "rel": 16036441,
            "reltags": {
              "colour": "#20409A",
              "from": "Harjamukti",
              "name": "Cibubur Line (Harjamukti → Dukuh Atas)",
              "name:id": "Lin Cibubur (Harjamukti → Dukuh Atas)",
              "network": "Jabodebek LRT",
              "operator": "Kereta Api Indonesia Divisi LRT Jabodebek",
              "public_transport:version": "2",
              "ref": "CB",
              "route": "light_rail",
              "to": "Dukuh Atas",
              "type": "route",
              "wikidata": "Q56390365"
            }
          },
          {
            "role": "",
            "rel": 16079478,
            "reltags": {
              "colour": "#0E6938",
              "description": "From Jatimulya to Dukuh Atas",
              "from": "Jatimulya",
              "name": "Bekasi Line (Jatimulya → Dukuh Atas)",
              "name:id": "Lin Bekasi (Jatimulya → Dukuh Atas)",
              "network": "Jabodebek LRT",
              "operator": "PT Kereta Api Indonesia Divisi LRT Jabodebek",
              "public_transport:version": "2",
              "ref": "BK",
              "route": "light_rail",
              "to": "Dukuh Atas",
              "type": "route",
              "wikidata": "Q56390372",
              "wikipedia": "id:Lin Bekasi (LRT Jabodebek)"
            }
          }
        ]
      },
      "geometry": {
        "type": "LineString",
        "coordinates": [
          [
            106.8729055,
            -6.2463331
          ],
          [
            106.8719864,
            -6.2460909
          ],
          [
            106.8712341,
            -6.2458886
          ],
          [
            106.8705942,
            -6.2457114
          ],
          [
            106.8704111,
            -6.2456578
          ],
          [
            106.8703003,
            -6.2456251
          ],
          [
            106.8701188,
            -6.2455629
          ],
          [
            106.8699691,
            -6.2455068
          ],
          [
            106.8697843,
            -6.2454314
          ]
        ]
      },
      "id": "way/1364419053"
    },
    {
      "type": "Feature",
      "properties": {
        "@id": "way/1364419054",
        "@relations": [
          {
            "role": "",
            "rel": 16036440,
            "reltags": {
              "colour": "#20409A",
              "from": "Dukuh Atas",
              "name": "Cibubur Line (Dukuh Atas → Harjamukti)",
              "name:id": "Lin Cibubur (Dukuh Atas → Harjamukti)",
              "network": "Jabodebek LRT",
              "operator": "Kereta Api Indonesia Divisi LRT Jabodebek",
              "public_transport:version": "2",
              "ref": "CB",
              "route": "light_rail",
              "to": "Harjamukti",
              "type": "route",
              "wikidata": "Q56390365"
            }
          },
          {
            "role": "",
            "rel": 16079479,
            "reltags": {
              "colour": "#0E6938",
              "description": "From Dukuh Atas to Jatimulya",
              "from": "Dukuh Atas",
              "name": "Bekasi Line (Dukuh Atas → Jatimulya)",
              "name:id": "Lin Bekasi (Dukuh Atas → Jatimulya)",
              "network": "Jabodebek LRT",
              "operator": "PT Kereta Api Indonesia Divisi LRT Jabodebek",
              "public_transport:version": "2",
              "ref": "BK",
              "route": "light_rail",
              "to": "Jatimulya",
              "type": "route",
              "wikidata": "Q56390372",
              "wikipedia": "id:Lin Bekasi (LRT Jabodebek)"
            }
          }
        ]
      },
      "geometry": {
        "type": "LineString",
        "coordinates": [
          [
            106.8727021,
            -6.2463308
          ],
          [
            106.8724548,
            -6.2462652
          ],
          [
            106.8712235,
            -6.245926
          ],
          [
            106.8707509,
            -6.2457963
          ],
          [
            106.8705317,
            -6.245735
          ],
          [
            106.8703778,
            -6.2456861
          ],
          [
            106.8701555,
            -6.2456107
          ],
          [
            106.8700338,
            -6.2455669
          ],
          [
            106.8697709,
            -6.2454609
          ]
        ]
      },
      "id": "way/1364419054"
    },
    {
      "type": "Feature",
      "properties": {
        "@id": "way/1422433001",
        "@relations": [
          {
            "role": "",
            "rel": 16079478,
            "reltags": {
              "colour": "#0E6938",
              "description": "From Jatimulya to Dukuh Atas",
              "from": "Jatimulya",
              "name": "Bekasi Line (Jatimulya → Dukuh Atas)",
              "name:id": "Lin Bekasi (Jatimulya → Dukuh Atas)",
              "network": "Jabodebek LRT",
              "operator": "PT Kereta Api Indonesia Divisi LRT Jabodebek",
              "public_transport:version": "2",
              "ref": "BK",
              "route": "light_rail",
              "to": "Dukuh Atas",
              "type": "route",
              "wikidata": "Q56390372",
              "wikipedia": "id:Lin Bekasi (LRT Jabodebek)"
            }
          }
        ]
      },
      "geometry": {
        "type": "LineString",
        "coordinates": [
          [
            107.0216705,
            -6.2640876
          ],
          [
            107.0209381,
            -6.2638307
          ],
          [
            107.0200631,
            -6.2635238
          ]
        ]
      },
      "id": "way/1422433001"
    },
    {
      "type": "Feature",
      "properties": {
        "@id": "way/1368205129",
        "@relations": [
          {
            "role": "",
            "rel": 16079478,
            "reltags": {
              "colour": "#0E6938",
              "description": "From Jatimulya to Dukuh Atas",
              "from": "Jatimulya",
              "name": "Bekasi Line (Jatimulya → Dukuh Atas)",
              "name:id": "Lin Bekasi (Jatimulya → Dukuh Atas)",
              "network": "Jabodebek LRT",
              "operator": "PT Kereta Api Indonesia Divisi LRT Jabodebek",
              "public_transport:version": "2",
              "ref": "BK",
              "route": "light_rail",
              "to": "Dukuh Atas",
              "type": "route",
              "wikidata": "Q56390372",
              "wikipedia": "id:Lin Bekasi (LRT Jabodebek)"
            }
          }
        ]
      },
      "geometry": {
        "type": "LineString",
        "coordinates": [
          [
            107.0200631,
            -6.2635238
          ],
          [
            107.0197705,
            -6.2634197
          ],
          [
            107.0180315,
            -6.2628055
          ],
          [
            107.0179613,
            -6.2627809
          ]
        ]
      },
      "id": "way/1368205129"
    },
    {
      "type": "Feature",
      "properties": {
        "@id": "node/11040189499",
        "@relations": [
          {
            "role": "stop",
            "rel": 16036440,
            "reltags": {
              "colour": "#20409A",
              "from": "Dukuh Atas",
              "name": "Cibubur Line (Dukuh Atas → Harjamukti)",
              "name:id": "Lin Cibubur (Dukuh Atas → Harjamukti)",
              "network": "Jabodebek LRT",
              "operator": "Kereta Api Indonesia Divisi LRT Jabodebek",
              "public_transport:version": "2",
              "ref": "CB",
              "route": "light_rail",
              "to": "Harjamukti",
              "type": "route",
              "wikidata": "Q56390365"
            }
          },
          {
            "role": "stop",
            "rel": 16079479,
            "reltags": {
              "colour": "#0E6938",
              "description": "From Dukuh Atas to Jatimulya",
              "from": "Dukuh Atas",
              "name": "Bekasi Line (Dukuh Atas → Jatimulya)",
              "name:id": "Lin Bekasi (Dukuh Atas → Jatimulya)",
              "network": "Jabodebek LRT",
              "operator": "PT Kereta Api Indonesia Divisi LRT Jabodebek",
              "public_transport:version": "2",
              "ref": "BK",
              "route": "light_rail",
              "to": "Jatimulya",
              "type": "route",
              "wikidata": "Q56390372",
              "wikipedia": "id:Lin Bekasi (LRT Jabodebek)"
            }
          }
        ]
      },
      "geometry": {
        "type": "Point",
        "coordinates": [
          106.8255247,
          -6.2048511
        ]
      },
      "id": "node/11040189499"
    },
    {
      "type": "Feature",
      "properties": {
        "@id": "node/9124369263",
        "@relations": [
          {
            "role": "stop",
            "rel": 16036440,
            "reltags": {
              "colour": "#20409A",
              "from": "Dukuh Atas",
              "name": "Cibubur Line (Dukuh Atas → Harjamukti)",
              "name:id": "Lin Cibubur (Dukuh Atas → Harjamukti)",
              "network": "Jabodebek LRT",
              "operator": "Kereta Api Indonesia Divisi LRT Jabodebek",
              "public_transport:version": "2",
              "ref": "CB",
              "route": "light_rail",
              "to": "Harjamukti",
              "type": "route",
              "wikidata": "Q56390365"
            }
          },
          {
            "role": "stop",
            "rel": 16079479,
            "reltags": {
              "colour": "#0E6938",
              "description": "From Dukuh Atas to Jatimulya",
              "from": "Dukuh Atas",
              "name": "Bekasi Line (Dukuh Atas → Jatimulya)",
              "name:id": "Lin Bekasi (Dukuh Atas → Jatimulya)",
              "network": "Jabodebek LRT",
              "operator": "PT Kereta Api Indonesia Divisi LRT Jabodebek",
              "public_transport:version": "2",
              "ref": "BK",
              "route": "light_rail",
              "to": "Jatimulya",
              "type": "route",
              "wikidata": "Q56390372",
              "wikipedia": "id:Lin Bekasi (LRT Jabodebek)"
            }
          }
        ]
      },
      "geometry": {
        "type": "Point",
        "coordinates": [
          106.8302046,
          -6.2093481
        ]
      },
      "id": "node/9124369263"
    },
    {
      "type": "Feature",
      "properties": {
        "@id": "node/11040189501",
        "@relations": [
          {
            "role": "stop",
            "rel": 16036440,
            "reltags": {
              "colour": "#20409A",
              "from": "Dukuh Atas",
              "name": "Cibubur Line (Dukuh Atas → Harjamukti)",
              "name:id": "Lin Cibubur (Dukuh Atas → Harjamukti)",
              "network": "Jabodebek LRT",
              "operator": "Kereta Api Indonesia Divisi LRT Jabodebek",
              "public_transport:version": "2",
              "ref": "CB",
              "route": "light_rail",
              "to": "Harjamukti",
              "type": "route",
              "wikidata": "Q56390365"
            }
          },
          {
            "role": "stop",
            "rel": 16079479,
            "reltags": {
              "colour": "#0E6938",
              "description": "From Dukuh Atas to Jatimulya",
              "from": "Dukuh Atas",
              "name": "Bekasi Line (Dukuh Atas → Jatimulya)",
              "name:id": "Lin Bekasi (Dukuh Atas → Jatimulya)",
              "network": "Jabodebek LRT",
              "operator": "PT Kereta Api Indonesia Divisi LRT Jabodebek",
              "public_transport:version": "2",
              "ref": "BK",
              "route": "light_rail",
              "to": "Jatimulya",
              "type": "route",
              "wikidata": "Q56390372",
              "wikipedia": "id:Lin Bekasi (LRT Jabodebek)"
            }
          }
        ]
      },
      "geometry": {
        "type": "Point",
        "coordinates": [
          106.83222,
          -6.2216446
        ]
      },
      "id": "node/11040189501"
    },
    {
      "type": "Feature",
      "properties": {
        "@id": "node/11040189504",
        "@relations": [
          {
            "role": "stop",
            "rel": 16036440,
            "reltags": {
              "colour": "#20409A",
              "from": "Dukuh Atas",
              "name": "Cibubur Line (Dukuh Atas → Harjamukti)",
              "name:id": "Lin Cibubur (Dukuh Atas → Harjamukti)",
              "network": "Jabodebek LRT",
              "operator": "Kereta Api Indonesia Divisi LRT Jabodebek",
              "public_transport:version": "2",
              "ref": "CB",
              "route": "light_rail",
              "to": "Harjamukti",
              "type": "route",
              "wikidata": "Q56390365"
            }
          },
          {
            "role": "stop",
            "rel": 16079479,
            "reltags": {
              "colour": "#0E6938",
              "description": "From Dukuh Atas to Jatimulya",
              "from": "Dukuh Atas",
              "name": "Bekasi Line (Dukuh Atas → Jatimulya)",
              "name:id": "Lin Bekasi (Dukuh Atas → Jatimulya)",
              "network": "Jabodebek LRT",
              "operator": "PT Kereta Api Indonesia Divisi LRT Jabodebek",
              "public_transport:version": "2",
              "ref": "BK",
              "route": "light_rail",
              "to": "Jatimulya",
              "type": "route",
              "wikidata": "Q56390372",
              "wikipedia": "id:Lin Bekasi (LRT Jabodebek)"
            }
          }
        ]
      },
      "geometry": {
        "type": "Point",
        "coordinates": [
          106.8331817,
          -6.2287874
        ]
      },
      "id": "node/11040189504"
    },
    {
      "type": "Feature",
      "properties": {
        "@id": "node/11040204405",
        "@relations": [
          {
            "role": "stop",
            "rel": 16036440,
            "reltags": {
              "colour": "#20409A",
              "from": "Dukuh Atas",
              "name": "Cibubur Line (Dukuh Atas → Harjamukti)",
              "name:id": "Lin Cibubur (Dukuh Atas → Harjamukti)",
              "network": "Jabodebek LRT",
              "operator": "Kereta Api Indonesia Divisi LRT Jabodebek",
              "public_transport:version": "2",
              "ref": "CB",
              "route": "light_rail",
              "to": "Harjamukti",
              "type": "route",
              "wikidata": "Q56390365"
            }
          },
          {
            "role": "stop",
            "rel": 16079479,
            "reltags": {
              "colour": "#0E6938",
              "description": "From Dukuh Atas to Jatimulya",
              "from": "Dukuh Atas",
              "name": "Bekasi Line (Dukuh Atas → Jatimulya)",
              "name:id": "Lin Bekasi (Dukuh Atas → Jatimulya)",
              "network": "Jabodebek LRT",
              "operator": "PT Kereta Api Indonesia Divisi LRT Jabodebek",
              "public_transport:version": "2",
              "ref": "BK",
              "route": "light_rail",
              "to": "Jatimulya",
              "type": "route",
              "wikidata": "Q56390372",
              "wikipedia": "id:Lin Bekasi (LRT Jabodebek)"
            }
          }
        ]
      },
      "geometry": {
        "type": "Point",
        "coordinates": [
          106.8385115,
          -6.2421686
        ]
      },
      "id": "node/11040204405"
    },
    {
      "type": "Feature",
      "properties": {
        "@id": "node/11040204408",
        "@relations": [
          {
            "role": "stop",
            "rel": 16036440,
            "reltags": {
              "colour": "#20409A",
              "from": "Dukuh Atas",
              "name": "Cibubur Line (Dukuh Atas → Harjamukti)",
              "name:id": "Lin Cibubur (Dukuh Atas → Harjamukti)",
              "network": "Jabodebek LRT",
              "operator": "Kereta Api Indonesia Divisi LRT Jabodebek",
              "public_transport:version": "2",
              "ref": "CB",
              "route": "light_rail",
              "to": "Harjamukti",
              "type": "route",
              "wikidata": "Q56390365"
            }
          },
          {
            "role": "stop",
            "rel": 16079479,
            "reltags": {
              "colour": "#0E6938",
              "description": "From Dukuh Atas to Jatimulya",
              "from": "Dukuh Atas",
              "name": "Bekasi Line (Dukuh Atas → Jatimulya)",
              "name:id": "Lin Bekasi (Dukuh Atas → Jatimulya)",
              "network": "Jabodebek LRT",
              "operator": "PT Kereta Api Indonesia Divisi LRT Jabodebek",
              "public_transport:version": "2",
              "ref": "BK",
              "route": "light_rail",
              "to": "Jatimulya",
              "type": "route",
              "wikidata": "Q56390372",
              "wikipedia": "id:Lin Bekasi (LRT Jabodebek)"
            }
          }
        ]
      },
      "geometry": {
        "type": "Point",
        "coordinates": [
          106.857072,
          -6.2435043
        ]
      },
      "id": "node/11040204408"
    },
    {
      "type": "Feature",
      "properties": {
        "@id": "node/9124369397",
        "@relations": [
          {
            "role": "stop",
            "rel": 16036440,
            "reltags": {
              "colour": "#20409A",
              "from": "Dukuh Atas",
              "name": "Cibubur Line (Dukuh Atas → Harjamukti)",
              "name:id": "Lin Cibubur (Dukuh Atas → Harjamukti)",
              "network": "Jabodebek LRT",
              "operator": "Kereta Api Indonesia Divisi LRT Jabodebek",
              "public_transport:version": "2",
              "ref": "CB",
              "route": "light_rail",
              "to": "Harjamukti",
              "type": "route",
              "wikidata": "Q56390365"
            }
          },
          {
            "role": "stop",
            "rel": 16079479,
            "reltags": {
              "colour": "#0E6938",
              "description": "From Dukuh Atas to Jatimulya",
              "from": "Dukuh Atas",
              "name": "Bekasi Line (Dukuh Atas → Jatimulya)",
              "name:id": "Lin Bekasi (Dukuh Atas → Jatimulya)",
              "network": "Jabodebek LRT",
              "operator": "PT Kereta Api Indonesia Divisi LRT Jabodebek",
              "public_transport:version": "2",
              "ref": "BK",
              "route": "light_rail",
              "to": "Jatimulya",
              "type": "route",
              "wikidata": "Q56390372",
              "wikipedia": "id:Lin Bekasi (LRT Jabodebek)"
            }
          }
        ]
      },
      "geometry": {
        "type": "Point",
        "coordinates": [
          106.8639697,
          -6.2434643
        ]
      },
      "id": "node/9124369397"
    },
    {
      "type": "Feature",
      "properties": {
        "@id": "node/11040204410",
        "@relations": [
          {
            "role": "stop",
            "rel": 16036440,
            "reltags": {
              "colour": "#20409A",
              "from": "Dukuh Atas",
              "name": "Cibubur Line (Dukuh Atas → Harjamukti)",
              "name:id": "Lin Cibubur (Dukuh Atas → Harjamukti)",
              "network": "Jabodebek LRT",
              "operator": "Kereta Api Indonesia Divisi LRT Jabodebek",
              "public_transport:version": "2",
              "ref": "CB",
              "route": "light_rail",
              "to": "Harjamukti",
              "type": "route",
              "wikidata": "Q56390365"
            }
          },
          {
            "role": "stop",
            "rel": 16079479,
            "reltags": {
              "colour": "#0E6938",
              "description": "From Dukuh Atas to Jatimulya",
              "from": "Dukuh Atas",
              "name": "Bekasi Line (Dukuh Atas → Jatimulya)",
              "name:id": "Lin Bekasi (Dukuh Atas → Jatimulya)",
              "network": "Jabodebek LRT",
              "operator": "PT Kereta Api Indonesia Divisi LRT Jabodebek",
              "public_transport:version": "2",
              "ref": "BK",
              "route": "light_rail",
              "to": "Jatimulya",
              "type": "route",
              "wikidata": "Q56390372",
              "wikipedia": "id:Lin Bekasi (LRT Jabodebek)"
            }
          }
        ]
      },
      "geometry": {
        "type": "Point",
        "coordinates": [
          106.8712235,
          -6.245926
        ]
      },
      "id": "node/11040204410"
    },
    {
      "type": "Feature",
      "properties": {
        "@id": "node/11040189488",
        "@relations": [
          {
            "role": "stop",
            "rel": 16036440,
            "reltags": {
              "colour": "#20409A",
              "from": "Dukuh Atas",
              "name": "Cibubur Line (Dukuh Atas → Harjamukti)",
              "name:id": "Lin Cibubur (Dukuh Atas → Harjamukti)",
              "network": "Jabodebek LRT",
              "operator": "Kereta Api Indonesia Divisi LRT Jabodebek",
              "public_transport:version": "2",
              "ref": "CB",
              "route": "light_rail",
              "to": "Harjamukti",
              "type": "route",
              "wikidata": "Q56390365"
            }
          }
        ]
      },
      "geometry": {
        "type": "Point",
        "coordinates": [
          106.8806126,
          -6.2929026
        ]
      },
      "id": "node/11040189488"
    },
    {
      "type": "Feature",
      "properties": {
        "@id": "node/11040189486",
        "@relations": [
          {
            "role": "stop",
            "rel": 16036440,
            "reltags": {
              "colour": "#20409A",
              "from": "Dukuh Atas",
              "name": "Cibubur Line (Dukuh Atas → Harjamukti)",
              "name:id": "Lin Cibubur (Dukuh Atas → Harjamukti)",
              "network": "Jabodebek LRT",
              "operator": "Kereta Api Indonesia Divisi LRT Jabodebek",
              "public_transport:version": "2",
              "ref": "CB",
              "route": "light_rail",
              "to": "Harjamukti",
              "type": "route",
              "wikidata": "Q56390365"
            }
          }
        ]
      },
      "geometry": {
        "type": "Point",
        "coordinates": [
          106.8843581,
          -6.3095525
        ]
      },
      "id": "node/11040189486"
    },
    {
      "type": "Feature",
      "properties": {
        "@id": "node/11040189470",
        "@relations": [
          {
            "role": "stop",
            "rel": 16036440,
            "reltags": {
              "colour": "#20409A",
              "from": "Dukuh Atas",
              "name": "Cibubur Line (Dukuh Atas → Harjamukti)",
              "name:id": "Lin Cibubur (Dukuh Atas → Harjamukti)",
              "network": "Jabodebek LRT",
              "operator": "Kereta Api Indonesia Divisi LRT Jabodebek",
              "public_transport:version": "2",
              "ref": "CB",
              "route": "light_rail",
              "to": "Harjamukti",
              "type": "route",
              "wikidata": "Q56390365"
            }
          }
        ]
      },
      "geometry": {
        "type": "Point",
        "coordinates": [
          106.8867182,
          -6.3237705
        ]
      },
      "id": "node/11040189470"
    },
    {
      "type": "Feature",
      "properties": {
        "@id": "node/11040189468",
        "@relations": [
          {
            "role": "stop",
            "rel": 16036440,
            "reltags": {
              "colour": "#20409A",
              "from": "Dukuh Atas",
              "name": "Cibubur Line (Dukuh Atas → Harjamukti)",
              "name:id": "Lin Cibubur (Dukuh Atas → Harjamukti)",
              "network": "Jabodebek LRT",
              "operator": "Kereta Api Indonesia Divisi LRT Jabodebek",
              "public_transport:version": "2",
              "ref": "CB",
              "route": "light_rail",
              "to": "Harjamukti",
              "type": "route",
              "wikidata": "Q56390365"
            }
          }
        ]
      },
      "geometry": {
        "type": "Point",
        "coordinates": [
          106.8956519,
          -6.3738957
        ]
      },
      "id": "node/11040189468"
    },
    {
      "type": "Feature",
      "properties": {
        "@id": "node/11040189467",
        "@relations": [
          {
            "role": "stop",
            "rel": 16036441,
            "reltags": {
              "colour": "#20409A",
              "from": "Harjamukti",
              "name": "Cibubur Line (Harjamukti → Dukuh Atas)",
              "name:id": "Lin Cibubur (Harjamukti → Dukuh Atas)",
              "network": "Jabodebek LRT",
              "operator": "Kereta Api Indonesia Divisi LRT Jabodebek",
              "public_transport:version": "2",
              "ref": "CB",
              "route": "light_rail",
              "to": "Dukuh Atas",
              "type": "route",
              "wikidata": "Q56390365"
            }
          }
        ]
      },
      "geometry": {
        "type": "Point",
        "coordinates": [
          106.8956864,
          -6.3738897
        ]
      },
      "id": "node/11040189467"
    },
    {
      "type": "Feature",
      "properties": {
        "@id": "node/12578386108",
        "@relations": [
          {
            "role": "stop",
            "rel": 16036441,
            "reltags": {
              "colour": "#20409A",
              "from": "Harjamukti",
              "name": "Cibubur Line (Harjamukti → Dukuh Atas)",
              "name:id": "Lin Cibubur (Harjamukti → Dukuh Atas)",
              "network": "Jabodebek LRT",
              "operator": "Kereta Api Indonesia Divisi LRT Jabodebek",
              "public_transport:version": "2",
              "ref": "CB",
              "route": "light_rail",
              "to": "Dukuh Atas",
              "type": "route",
              "wikidata": "Q56390365"
            }
          }
        ]
      },
      "geometry": {
        "type": "Point",
        "coordinates": [
          106.8867606,
          -6.3237699
        ]
      },
      "id": "node/12578386108"
    },
    {
      "type": "Feature",
      "properties": {
        "@id": "node/11040189485",
        "@relations": [
          {
            "role": "stop",
            "rel": 16036441,
            "reltags": {
              "colour": "#20409A",
              "from": "Harjamukti",
              "name": "Cibubur Line (Harjamukti → Dukuh Atas)",
              "name:id": "Lin Cibubur (Harjamukti → Dukuh Atas)",
              "network": "Jabodebek LRT",
              "operator": "Kereta Api Indonesia Divisi LRT Jabodebek",
              "public_transport:version": "2",
              "ref": "CB",
              "route": "light_rail",
              "to": "Dukuh Atas",
              "type": "route",
              "wikidata": "Q56390365"
            }
          }
        ]
      },
      "geometry": {
        "type": "Point",
        "coordinates": [
          106.8844039,
          -6.3095464
        ]
      },
      "id": "node/11040189485"
    },
    {
      "type": "Feature",
      "properties": {
        "@id": "node/11040189487",
        "@relations": [
          {
            "role": "stop",
            "rel": 16036441,
            "reltags": {
              "colour": "#20409A",
              "from": "Harjamukti",
              "name": "Cibubur Line (Harjamukti → Dukuh Atas)",
              "name:id": "Lin Cibubur (Harjamukti → Dukuh Atas)",
              "network": "Jabodebek LRT",
              "operator": "Kereta Api Indonesia Divisi LRT Jabodebek",
              "public_transport:version": "2",
              "ref": "CB",
              "route": "light_rail",
              "to": "Dukuh Atas",
              "type": "route",
              "wikidata": "Q56390365"
            }
          }
        ]
      },
      "geometry": {
        "type": "Point",
        "coordinates": [
          106.8806543,
          -6.2928817
        ]
      },
      "id": "node/11040189487"
    },
    {
      "type": "Feature",
      "properties": {
        "@id": "node/11040204409",
        "@relations": [
          {
            "role": "stop",
            "rel": 16036441,
            "reltags": {
              "colour": "#20409A",
              "from": "Harjamukti",
              "name": "Cibubur Line (Harjamukti → Dukuh Atas)",
              "name:id": "Lin Cibubur (Harjamukti → Dukuh Atas)",
              "network": "Jabodebek LRT",
              "operator": "Kereta Api Indonesia Divisi LRT Jabodebek",
              "public_transport:version": "2",
              "ref": "CB",
              "route": "light_rail",
              "to": "Dukuh Atas",
              "type": "route",
              "wikidata": "Q56390365"
            }
          },
          {
            "role": "stop",
            "rel": 16079478,
            "reltags": {
              "colour": "#0E6938",
              "description": "From Jatimulya to Dukuh Atas",
              "from": "Jatimulya",
              "name": "Bekasi Line (Jatimulya → Dukuh Atas)",
              "name:id": "Lin Bekasi (Jatimulya → Dukuh Atas)",
              "network": "Jabodebek LRT",
              "operator": "PT Kereta Api Indonesia Divisi LRT Jabodebek",
              "public_transport:version": "2",
              "ref": "BK",
              "route": "light_rail",
              "to": "Dukuh Atas",
              "type": "route",
              "wikidata": "Q56390372",
              "wikipedia": "id:Lin Bekasi (LRT Jabodebek)"
            }
          }
        ]
      },
      "geometry": {
        "type": "Point",
        "coordinates": [
          106.8712341,
          -6.2458886
        ]
      },
      "id": "node/11040204409"
    },
    {
      "type": "Feature",
      "properties": {
        "@id": "node/9124369223",
        "@relations": [
          {
            "role": "stop",
            "rel": 16036441,
            "reltags": {
              "colour": "#20409A",
              "from": "Harjamukti",
              "name": "Cibubur Line (Harjamukti → Dukuh Atas)",
              "name:id": "Lin Cibubur (Harjamukti → Dukuh Atas)",
              "network": "Jabodebek LRT",
              "operator": "Kereta Api Indonesia Divisi LRT Jabodebek",
              "public_transport:version": "2",
              "ref": "CB",
              "route": "light_rail",
              "to": "Dukuh Atas",
              "type": "route",
              "wikidata": "Q56390365"
            }
          },
          {
            "role": "stop",
            "rel": 16079478,
            "reltags": {
              "colour": "#0E6938",
              "description": "From Jatimulya to Dukuh Atas",
              "from": "Jatimulya",
              "name": "Bekasi Line (Jatimulya → Dukuh Atas)",
              "name:id": "Lin Bekasi (Jatimulya → Dukuh Atas)",
              "network": "Jabodebek LRT",
              "operator": "PT Kereta Api Indonesia Divisi LRT Jabodebek",
              "public_transport:version": "2",
              "ref": "BK",
              "route": "light_rail",
              "to": "Dukuh Atas",
              "type": "route",
              "wikidata": "Q56390372",
              "wikipedia": "id:Lin Bekasi (LRT Jabodebek)"
            }
          }
        ]
      },
      "geometry": {
        "type": "Point",
        "coordinates": [
          106.8639717,
          -6.2434297
        ]
      },
      "id": "node/9124369223"
    },
    {
      "type": "Feature",
      "properties": {
        "@id": "node/11040204407",
        "@relations": [
          {
            "role": "stop",
            "rel": 16036441,
            "reltags": {
              "colour": "#20409A",
              "from": "Harjamukti",
              "name": "Cibubur Line (Harjamukti → Dukuh Atas)",
              "name:id": "Lin Cibubur (Harjamukti → Dukuh Atas)",
              "network": "Jabodebek LRT",
              "operator": "Kereta Api Indonesia Divisi LRT Jabodebek",
              "public_transport:version": "2",
              "ref": "CB",
              "route": "light_rail",
              "to": "Dukuh Atas",
              "type": "route",
              "wikidata": "Q56390365"
            }
          },
          {
            "role": "stop",
            "rel": 16079478,
            "reltags": {
              "colour": "#0E6938",
              "description": "From Jatimulya to Dukuh Atas",
              "from": "Jatimulya",
              "name": "Bekasi Line (Jatimulya → Dukuh Atas)",
              "name:id": "Lin Bekasi (Jatimulya → Dukuh Atas)",
              "network": "Jabodebek LRT",
              "operator": "PT Kereta Api Indonesia Divisi LRT Jabodebek",
              "public_transport:version": "2",
              "ref": "BK",
              "route": "light_rail",
              "to": "Dukuh Atas",
              "type": "route",
              "wikidata": "Q56390372",
              "wikipedia": "id:Lin Bekasi (LRT Jabodebek)"
            }
          }
        ]
      },
      "geometry": {
        "type": "Point",
        "coordinates": [
          106.8570718,
          -6.2434658
        ]
      },
      "id": "node/11040204407"
    },
    {
      "type": "Feature",
      "properties": {
        "@id": "node/11040204406",
        "@relations": [
          {
            "role": "stop",
            "rel": 16036441,
            "reltags": {
              "colour": "#20409A",
              "from": "Harjamukti",
              "name": "Cibubur Line (Harjamukti → Dukuh Atas)",
              "name:id": "Lin Cibubur (Harjamukti → Dukuh Atas)",
              "network": "Jabodebek LRT",
              "operator": "Kereta Api Indonesia Divisi LRT Jabodebek",
              "public_transport:version": "2",
              "ref": "CB",
              "route": "light_rail",
              "to": "Dukuh Atas",
              "type": "route",
              "wikidata": "Q56390365"
            }
          },
          {
            "role": "stop",
            "rel": 16079478,
            "reltags": {
              "colour": "#0E6938",
              "description": "From Jatimulya to Dukuh Atas",
              "from": "Jatimulya",
              "name": "Bekasi Line (Jatimulya → Dukuh Atas)",
              "name:id": "Lin Bekasi (Jatimulya → Dukuh Atas)",
              "network": "Jabodebek LRT",
              "operator": "PT Kereta Api Indonesia Divisi LRT Jabodebek",
              "public_transport:version": "2",
              "ref": "BK",
              "route": "light_rail",
              "to": "Dukuh Atas",
              "type": "route",
              "wikidata": "Q56390372",
              "wikipedia": "id:Lin Bekasi (LRT Jabodebek)"
            }
          }
        ]
      },
      "geometry": {
        "type": "Point",
        "coordinates": [
          106.8385223,
          -6.2421132
        ]
      },
      "id": "node/11040204406"
    },
    {
      "type": "Feature",
      "properties": {
        "@id": "node/11040189503",
        "@relations": [
          {
            "role": "stop",
            "rel": 16036441,
            "reltags": {
              "colour": "#20409A",
              "from": "Harjamukti",
              "name": "Cibubur Line (Harjamukti → Dukuh Atas)",
              "name:id": "Lin Cibubur (Harjamukti → Dukuh Atas)",
              "network": "Jabodebek LRT",
              "operator": "Kereta Api Indonesia Divisi LRT Jabodebek",
              "public_transport:version": "2",
              "ref": "CB",
              "route": "light_rail",
              "to": "Dukuh Atas",
              "type": "route",
              "wikidata": "Q56390365"
            }
          },
          {
            "role": "stop",
            "rel": 16079478,
            "reltags": {
              "colour": "#0E6938",
              "description": "From Jatimulya to Dukuh Atas",
              "from": "Jatimulya",
              "name": "Bekasi Line (Jatimulya → Dukuh Atas)",
              "name:id": "Lin Bekasi (Jatimulya → Dukuh Atas)",
              "network": "Jabodebek LRT",
              "operator": "PT Kereta Api Indonesia Divisi LRT Jabodebek",
              "public_transport:version": "2",
              "ref": "BK",
              "route": "light_rail",
              "to": "Dukuh Atas",
              "type": "route",
              "wikidata": "Q56390372",
              "wikipedia": "id:Lin Bekasi (LRT Jabodebek)"
            }
          }
        ]
      },
      "geometry": {
        "type": "Point",
        "coordinates": [
          106.8332233,
          -6.2287823
        ]
      },
      "id": "node/11040189503"
    },
    {
      "type": "Feature",
      "properties": {
        "@id": "node/11040189502",
        "@relations": [
          {
            "role": "stop",
            "rel": 16036441,
            "reltags": {
              "colour": "#20409A",
              "from": "Harjamukti",
              "name": "Cibubur Line (Harjamukti → Dukuh Atas)",
              "name:id": "Lin Cibubur (Harjamukti → Dukuh Atas)",
              "network": "Jabodebek LRT",
              "operator": "Kereta Api Indonesia Divisi LRT Jabodebek",
              "public_transport:version": "2",
              "ref": "CB",
              "route": "light_rail",
              "to": "Dukuh Atas",
              "type": "route",
              "wikidata": "Q56390365"
            }
          },
          {
            "role": "stop",
            "rel": 16079478,
            "reltags": {
              "colour": "#0E6938",
              "description": "From Jatimulya to Dukuh Atas",
              "from": "Jatimulya",
              "name": "Bekasi Line (Jatimulya → Dukuh Atas)",
              "name:id": "Lin Bekasi (Jatimulya → Dukuh Atas)",
              "network": "Jabodebek LRT",
              "operator": "PT Kereta Api Indonesia Divisi LRT Jabodebek",
              "public_transport:version": "2",
              "ref": "BK",
              "route": "light_rail",
              "to": "Dukuh Atas",
              "type": "route",
              "wikidata": "Q56390372",
              "wikipedia": "id:Lin Bekasi (LRT Jabodebek)"
            }
          }
        ]
      },
      "geometry": {
        "type": "Point",
        "coordinates": [
          106.8322652,
          -6.2216294
        ]
      },
      "id": "node/11040189502"
    },
    {
      "type": "Feature",
      "properties": {
        "@id": "node/9124364689",
        "@relations": [
          {
            "role": "stop",
            "rel": 16036441,
            "reltags": {
              "colour": "#20409A",
              "from": "Harjamukti",
              "name": "Cibubur Line (Harjamukti → Dukuh Atas)",
              "name:id": "Lin Cibubur (Harjamukti → Dukuh Atas)",
              "network": "Jabodebek LRT",
              "operator": "Kereta Api Indonesia Divisi LRT Jabodebek",
              "public_transport:version": "2",
              "ref": "CB",
              "route": "light_rail",
              "to": "Dukuh Atas",
              "type": "route",
              "wikidata": "Q56390365"
            }
          },
          {
            "role": "stop",
            "rel": 16079478,
            "reltags": {
              "colour": "#0E6938",
              "description": "From Jatimulya to Dukuh Atas",
              "from": "Jatimulya",
              "name": "Bekasi Line (Jatimulya → Dukuh Atas)",
              "name:id": "Lin Bekasi (Jatimulya → Dukuh Atas)",
              "network": "Jabodebek LRT",
              "operator": "PT Kereta Api Indonesia Divisi LRT Jabodebek",
              "public_transport:version": "2",
              "ref": "BK",
              "route": "light_rail",
              "to": "Dukuh Atas",
              "type": "route",
              "wikidata": "Q56390372",
              "wikipedia": "id:Lin Bekasi (LRT Jabodebek)"
            }
          }
        ]
      },
      "geometry": {
        "type": "Point",
        "coordinates": [
          106.8302513,
          -6.209339
        ]
      },
      "id": "node/9124364689"
    },
    {
      "type": "Feature",
      "properties": {
        "@id": "node/11040189500",
        "@relations": [
          {
            "role": "stop",
            "rel": 16036441,
            "reltags": {
              "colour": "#20409A",
              "from": "Harjamukti",
              "name": "Cibubur Line (Harjamukti → Dukuh Atas)",
              "name:id": "Lin Cibubur (Harjamukti → Dukuh Atas)",
              "network": "Jabodebek LRT",
              "operator": "Kereta Api Indonesia Divisi LRT Jabodebek",
              "public_transport:version": "2",
              "ref": "CB",
              "route": "light_rail",
              "to": "Dukuh Atas",
              "type": "route",
              "wikidata": "Q56390365"
            }
          },
          {
            "role": "stop",
            "rel": 16079478,
            "reltags": {
              "colour": "#0E6938",
              "description": "From Jatimulya to Dukuh Atas",
              "from": "Jatimulya",
              "name": "Bekasi Line (Jatimulya → Dukuh Atas)",
              "name:id": "Lin Bekasi (Jatimulya → Dukuh Atas)",
              "network": "Jabodebek LRT",
              "operator": "PT Kereta Api Indonesia Divisi LRT Jabodebek",
              "public_transport:version": "2",
              "ref": "BK",
              "route": "light_rail",
              "to": "Dukuh Atas",
              "type": "route",
              "wikidata": "Q56390372",
              "wikipedia": "id:Lin Bekasi (LRT Jabodebek)"
            }
          }
        ]
      },
      "geometry": {
        "type": "Point",
        "coordinates": [
          106.8255355,
          -6.2048049
        ]
      },
      "id": "node/11040189500"
    },
    {
      "type": "Feature",
      "properties": {
        "@id": "node/11040189490",
        "@relations": [
          {
            "role": "stop",
            "rel": 16079478,
            "reltags": {
              "colour": "#0E6938",
              "description": "From Jatimulya to Dukuh Atas",
              "from": "Jatimulya",
              "name": "Bekasi Line (Jatimulya → Dukuh Atas)",
              "name:id": "Lin Bekasi (Jatimulya → Dukuh Atas)",
              "network": "Jabodebek LRT",
              "operator": "PT Kereta Api Indonesia Divisi LRT Jabodebek",
              "public_transport:version": "2",
              "ref": "BK",
              "route": "light_rail",
              "to": "Dukuh Atas",
              "type": "route",
              "wikidata": "Q56390372",
              "wikipedia": "id:Lin Bekasi (LRT Jabodebek)"
            }
          }
        ]
      },
      "geometry": {
        "type": "Point",
        "coordinates": [
          107.0216705,
          -6.2640876
        ]
      },
      "id": "node/11040189490"
    },
    {
      "type": "Feature",
      "properties": {
        "@id": "node/4982025827",
        "@relations": [
          {
            "role": "stop",
            "rel": 16079478,
            "reltags": {
              "colour": "#0E6938",
              "description": "From Jatimulya to Dukuh Atas",
              "from": "Jatimulya",
              "name": "Bekasi Line (Jatimulya → Dukuh Atas)",
              "name:id": "Lin Bekasi (Jatimulya → Dukuh Atas)",
              "network": "Jabodebek LRT",
              "operator": "PT Kereta Api Indonesia Divisi LRT Jabodebek",
              "public_transport:version": "2",
              "ref": "BK",
              "route": "light_rail",
              "to": "Dukuh Atas",
              "type": "route",
              "wikidata": "Q56390372",
              "wikipedia": "id:Lin Bekasi (LRT Jabodebek)"
            }
          }
        ]
      },
      "geometry": {
        "type": "Point",
        "coordinates": [
          106.9904367,
          -6.2529239
        ]
      },
      "id": "node/4982025827"
    },
    {
      "type": "Feature",
      "properties": {
        "@id": "node/11040189492",
        "@relations": [
          {
            "role": "stop",
            "rel": 16079478,
            "reltags": {
              "colour": "#0E6938",
              "description": "From Jatimulya to Dukuh Atas",
              "from": "Jatimulya",
              "name": "Bekasi Line (Jatimulya → Dukuh Atas)",
              "name:id": "Lin Bekasi (Jatimulya → Dukuh Atas)",
              "network": "Jabodebek LRT",
              "operator": "PT Kereta Api Indonesia Divisi LRT Jabodebek",
              "public_transport:version": "2",
              "ref": "BK",
              "route": "light_rail",
              "to": "Dukuh Atas",
              "type": "route",
              "wikidata": "Q56390372",
              "wikipedia": "id:Lin Bekasi (LRT Jabodebek)"
            }
          }
        ]
      },
      "geometry": {
        "type": "Point",
        "coordinates": [
          106.9631754,
          -6.2546861
        ]
      },
      "id": "node/11040189492"
    },
    {
      "type": "Feature",
      "properties": {
        "@id": "node/11040189494",
        "@relations": [
          {
            "role": "stop",
            "rel": 16079478,
            "reltags": {
              "colour": "#0E6938",
              "description": "From Jatimulya to Dukuh Atas",
              "from": "Jatimulya",
              "name": "Bekasi Line (Jatimulya → Dukuh Atas)",
              "name:id": "Lin Bekasi (Jatimulya → Dukuh Atas)",
              "network": "Jabodebek LRT",
              "operator": "PT Kereta Api Indonesia Divisi LRT Jabodebek",
              "public_transport:version": "2",
              "ref": "BK",
              "route": "light_rail",
              "to": "Dukuh Atas",
              "type": "route",
              "wikidata": "Q56390372",
              "wikipedia": "id:Lin Bekasi (LRT Jabodebek)"
            }
          }
        ]
      },
      "geometry": {
        "type": "Point",
        "coordinates": [
          106.9518783,
          -6.2565806
        ]
      },
      "id": "node/11040189494"
    },
    {
      "type": "Feature",
      "properties": {
        "@id": "node/12578386110",
        "@relations": [
          {
            "role": "stop",
            "rel": 16079478,
            "reltags": {
              "colour": "#0E6938",
              "description": "From Jatimulya to Dukuh Atas",
              "from": "Jatimulya",
              "name": "Bekasi Line (Jatimulya → Dukuh Atas)",
              "name:id": "Lin Bekasi (Jatimulya → Dukuh Atas)",
              "network": "Jabodebek LRT",
              "operator": "PT Kereta Api Indonesia Divisi LRT Jabodebek",
              "public_transport:version": "2",
              "ref": "BK",
              "route": "light_rail",
              "to": "Dukuh Atas",
              "type": "route",
              "wikidata": "Q56390372",
              "wikipedia": "id:Lin Bekasi (LRT Jabodebek)"
            }
          }
        ]
      },
      "geometry": {
        "type": "Point",
        "coordinates": [
          106.9279159,
          -6.2577313
        ]
      },
      "id": "node/12578386110"
    },
    {
      "type": "Feature",
      "properties": {
        "@id": "node/11040189498",
        "@relations": [
          {
            "role": "stop",
            "rel": 16079478,
            "reltags": {
              "colour": "#0E6938",
              "description": "From Jatimulya to Dukuh Atas",
              "from": "Jatimulya",
              "name": "Bekasi Line (Jatimulya → Dukuh Atas)",
              "name:id": "Lin Bekasi (Jatimulya → Dukuh Atas)",
              "network": "Jabodebek LRT",
              "operator": "PT Kereta Api Indonesia Divisi LRT Jabodebek",
              "public_transport:version": "2",
              "ref": "BK",
              "route": "light_rail",
              "to": "Dukuh Atas",
              "type": "route",
              "wikidata": "Q56390372",
              "wikipedia": "id:Lin Bekasi (LRT Jabodebek)"
            }
          }
        ]
      },
      "geometry": {
        "type": "Point",
        "coordinates": [
          106.8872795,
          -6.245852
        ]
      },
      "id": "node/11040189498"
    },
    {
      "type": "Feature",
      "properties": {
        "@id": "node/11040189497",
        "@relations": [
          {
            "role": "stop",
            "rel": 16079479,
            "reltags": {
              "colour": "#0E6938",
              "description": "From Dukuh Atas to Jatimulya",
              "from": "Dukuh Atas",
              "name": "Bekasi Line (Dukuh Atas → Jatimulya)",
              "name:id": "Lin Bekasi (Dukuh Atas → Jatimulya)",
              "network": "Jabodebek LRT",
              "operator": "PT Kereta Api Indonesia Divisi LRT Jabodebek",
              "public_transport:version": "2",
              "ref": "BK",
              "route": "light_rail",
              "to": "Jatimulya",
              "type": "route",
              "wikidata": "Q56390372",
              "wikipedia": "id:Lin Bekasi (LRT Jabodebek)"
            }
          }
        ]
      },
      "geometry": {
        "type": "Point",
        "coordinates": [
          106.8872969,
          -6.2458773
        ]
      },
      "id": "node/11040189497"
    },
    {
      "type": "Feature",
      "properties": {
        "@id": "node/11040189495",
        "@relations": [
          {
            "role": "stop",
            "rel": 16079479,
            "reltags": {
              "colour": "#0E6938",
              "description": "From Dukuh Atas to Jatimulya",
              "from": "Dukuh Atas",
              "name": "Bekasi Line (Dukuh Atas → Jatimulya)",
              "name:id": "Lin Bekasi (Dukuh Atas → Jatimulya)",
              "network": "Jabodebek LRT",
              "operator": "PT Kereta Api Indonesia Divisi LRT Jabodebek",
              "public_transport:version": "2",
              "ref": "BK",
              "route": "light_rail",
              "to": "Jatimulya",
              "type": "route",
              "wikidata": "Q56390372",
              "wikipedia": "id:Lin Bekasi (LRT Jabodebek)"
            }
          }
        ]
      },
      "geometry": {
        "type": "Point",
        "coordinates": [
          106.9279201,
          -6.2577659
        ]
      },
      "id": "node/11040189495"
    },
    {
      "type": "Feature",
      "properties": {
        "@id": "node/11040189493",
        "@relations": [
          {
            "role": "stop",
            "rel": 16079479,
            "reltags": {
              "colour": "#0E6938",
              "description": "From Dukuh Atas to Jatimulya",
              "from": "Dukuh Atas",
              "name": "Bekasi Line (Dukuh Atas → Jatimulya)",
              "name:id": "Lin Bekasi (Dukuh Atas → Jatimulya)",
              "network": "Jabodebek LRT",
              "operator": "PT Kereta Api Indonesia Divisi LRT Jabodebek",
              "public_transport:version": "2",
              "ref": "BK",
              "route": "light_rail",
              "to": "Jatimulya",
              "type": "route",
              "wikidata": "Q56390372",
              "wikipedia": "id:Lin Bekasi (LRT Jabodebek)"
            }
          }
        ]
      },
      "geometry": {
        "type": "Point",
        "coordinates": [
          106.9518542,
          -6.2566172
        ]
      },
      "id": "node/11040189493"
    },
    {
      "type": "Feature",
      "properties": {
        "@id": "node/11040189491",
        "@relations": [
          {
            "role": "stop",
            "rel": 16079479,
            "reltags": {
              "colour": "#0E6938",
              "description": "From Dukuh Atas to Jatimulya",
              "from": "Dukuh Atas",
              "name": "Bekasi Line (Dukuh Atas → Jatimulya)",
              "name:id": "Lin Bekasi (Dukuh Atas → Jatimulya)",
              "network": "Jabodebek LRT",
              "operator": "PT Kereta Api Indonesia Divisi LRT Jabodebek",
              "public_transport:version": "2",
              "ref": "BK",
              "route": "light_rail",
              "to": "Jatimulya",
              "type": "route",
              "wikidata": "Q56390372",
              "wikipedia": "id:Lin Bekasi (LRT Jabodebek)"
            }
          }
        ]
      },
      "geometry": {
        "type": "Point",
        "coordinates": [
          106.9632016,
          -6.2547311
        ]
      },
      "id": "node/11040189491"
    },
    {
      "type": "Feature",
      "properties": {
        "@id": "node/4909917394",
        "@relations": [
          {
            "role": "stop",
            "rel": 16079479,
            "reltags": {
              "colour": "#0E6938",
              "description": "From Dukuh Atas to Jatimulya",
              "from": "Dukuh Atas",
              "name": "Bekasi Line (Dukuh Atas → Jatimulya)",
              "name:id": "Lin Bekasi (Dukuh Atas → Jatimulya)",
              "network": "Jabodebek LRT",
              "operator": "PT Kereta Api Indonesia Divisi LRT Jabodebek",
              "public_transport:version": "2",
              "ref": "BK",
              "route": "light_rail",
              "to": "Jatimulya",
              "type": "route",
              "wikidata": "Q56390372",
              "wikipedia": "id:Lin Bekasi (LRT Jabodebek)"
            }
          }
        ]
      },
      "geometry": {
        "type": "Point",
        "coordinates": [
          106.9904133,
          -6.2529813
        ]
      },
      "id": "node/4909917394"
    },
    {
      "type": "Feature",
      "properties": {
        "@id": "node/11040189489",
        "@relations": [
          {
            "role": "stop",
            "rel": 16079479,
            "reltags": {
              "colour": "#0E6938",
              "description": "From Dukuh Atas to Jatimulya",
              "from": "Dukuh Atas",
              "name": "Bekasi Line (Dukuh Atas → Jatimulya)",
              "name:id": "Lin Bekasi (Dukuh Atas → Jatimulya)",
              "network": "Jabodebek LRT",
              "operator": "PT Kereta Api Indonesia Divisi LRT Jabodebek",
              "public_transport:version": "2",
              "ref": "BK",
              "route": "light_rail",
              "to": "Jatimulya",
              "type": "route",
              "wikidata": "Q56390372",
              "wikipedia": "id:Lin Bekasi (LRT Jabodebek)"
            }
          }
        ]
      },
      "geometry": {
        "type": "Point",
        "coordinates": [
          107.0216652,
          -6.2641263
        ]
      },
      "id": "node/11040189489"
    },
    {
      "type": "Feature",
      "properties": {
        "@id": "node/4907843137",
        "addr:city": "Jakarta",
        "addr:postcode": "13650",
        "addr:street": "Jalan Taman Mini I",
        "light_rail": "yes",
        "name": "Taman Mini",
        "network": "LRT Jabodebek",
        "operator": "PT Kereta Api Indonesia (Persero), Divisi LRT Jabodebek",
        "public_transport": "station",
        "railway": "station",
        "source": "HOT_InAWARESurvey_2017",
        "station": "light_rail",
        "wikidata": "Q19726721",
        "wikipedia": "id:Stasiun LRT TMII"
      },
      "geometry": {
        "type": "Point",
        "coordinates": [
          106.8806355,
          -6.2928955
        ]
      },
      "id": "node/4907843137"
    },
    {
      "type": "Feature",
      "properties": {
        "@id": "node/6720467131",
        "addr:city": "Jakarta",
        "light_rail": "yes",
        "name": "Cikoko",
        "network": "LRT Jabodebek",
        "network:wikidata": "Q20427104",
        "operator": "PT Kereta Api Indonesia (Persero), Divisi LRT Jabodebek",
        "public_transport": "station",
        "railway": "station",
        "station": "light_rail",
        "wikidata": "Q10166205",
        "wikipedia": "id:Stasiun LRT Cikoko"
      },
      "geometry": {
        "type": "Point",
        "coordinates": [
          106.8570718,
          -6.2434846
        ]
      },
      "id": "node/6720467131"
    },
    {
      "type": "Feature",
      "properties": {
        "@id": "node/6720467132",
        "addr:city": "Jakarta",
        "light_rail": "yes",
        "name": "Pancoran Bank BJB",
        "network": "LRT Jabodebek",
        "network:wikidata": "Q20427104",
        "old_name": "Pancoran",
        "operator": "PT Kereta Api Indonesia (Persero), Divisi LRT Jabodebek",
        "public_transport": "station",
        "railway": "station",
        "station": "light_rail",
        "wikidata": "Q10166185",
        "wikipedia": "id:Stasiun LRT Pancoran Bank BJB"
      },
      "geometry": {
        "type": "Point",
        "coordinates": [
          106.8385146,
          -6.2421415
        ]
      },
      "id": "node/6720467132"
    },
    {
      "type": "Feature",
      "properties": {
        "@id": "node/6720467135",
        "addr:city": "Jakarta",
        "light_rail": "yes",
        "name": "Setiabudi",
        "network": "LRT Jabodebek",
        "network:wikidata": "Q20427104",
        "operator": "PT Kereta Api Indonesia (Persero), Divisi LRT Jabodebek",
        "public_transport": "station",
        "railway": "station",
        "station": "light_rail",
        "wikidata": "Q21177475",
        "wikipedia": "id:Stasiun LRT Setiabudi"
      },
      "geometry": {
        "type": "Point",
        "coordinates": [
          106.8302209,
          -6.2093184
        ]
      },
      "id": "node/6720467135"
    },
    {
      "type": "Feature",
      "properties": {
        "@id": "node/6720467136",
        "addr:city": "Jakarta",
        "light_rail": "yes",
        "name": "Rasuna Said",
        "network": "LRT Jabodebek",
        "network:wikidata": "Q20427104",
        "operator": "PT Kereta Api Indonesia (Persero), Divisi LRT Jabodebek",
        "public_transport": "station",
        "railway": "station",
        "station": "light_rail",
        "wikidata": "Q25580740",
        "wikipedia": "id:Stasiun LRT Rasuna Said"
      },
      "geometry": {
        "type": "Point",
        "coordinates": [
          106.8322373,
          -6.2216089
        ]
      },
      "id": "node/6720467136"
    },
    {
      "type": "Feature",
      "properties": {
        "@id": "node/6720467137",
        "addr:city": "Jakarta",
        "light_rail": "yes",
        "name": "Kampung Rambutan",
        "network": "LRT Jabodebek",
        "operator": "PT Kereta Api Indonesia (Persero), Divisi LRT Jabodebek",
        "public_transport": "station",
        "railway": "station",
        "station": "light_rail",
        "wikidata": "Q19752040",
        "wikipedia": "id:Stasiun LRT Kampung Rambutan"
      },
      "geometry": {
        "type": "Point",
        "coordinates": [
          106.8843804,
          -6.3095494
        ]
      },
      "id": "node/6720467137"
    },
    {
      "type": "Feature",
      "properties": {
        "@id": "node/6720467138",
        "addr:city": "Depok",
        "light_rail": "yes",
        "name": "Harjamukti",
        "network": "LRT Jabodebek",
        "operator": "PT Kereta Api Indonesia (Persero), Divisi LRT Jabodebek",
        "public_transport": "station",
        "railway": "station",
        "station": "light_rail",
        "wikidata": "Q28163959",
        "wikipedia": "id:Stasiun LRT Harjamukti"
      },
      "geometry": {
        "type": "Point",
        "coordinates": [
          106.8956698,
          -6.3738926
        ]
      },
      "id": "node/6720467138"
    },
    {
      "type": "Feature",
      "properties": {
        "@id": "node/8174072563",
        "addr:city": "Jakarta",
        "light_rail": "yes",
        "name": "Bekasi Barat",
        "network": "LRT Jabodebek",
        "operator": "PT Kereta Api Indonesia (Persero), Divisi LRT Jabodebek",
        "public_transport": "station",
        "railway": "station",
        "station": "light_rail",
        "wikidata": "Q33022844",
        "wikipedia": "id:Stasiun LRT Bekasi Barat"
      },
      "geometry": {
        "type": "Point",
        "coordinates": [
          106.9904237,
          -6.2529489
        ]
      },
      "id": "node/8174072563"
    },
    {
      "type": "Feature",
      "properties": {
        "@id": "node/8174072564",
        "addr:city": "Jakarta",
        "addr:street": "Jalan Batu Mulia",
        "light_rail": "yes",
        "name": "Cikunir 2",
        "network": "LRT Jabodebek",
        "operator": "PT Kereta Api Indonesia (Persero), Divisi LRT Jabodebek",
        "public_transport": "station",
        "railway": "station",
        "station": "light_rail",
        "wikidata": "Q33022543",
        "wikipedia": "id:Stasiun LRT Cikunir 2"
      },
      "geometry": {
        "type": "Point",
        "coordinates": [
          106.9632233,
          -6.2546849
        ]
      },
      "id": "node/8174072564"
    },
    {
      "type": "Feature",
      "properties": {
        "@id": "node/8174072565",
        "addr:city": "Kota Bekasi",
        "addr:street": "Jalan Caman Raya",
        "light_rail": "yes",
        "name": "Cikunir 1",
        "network": "LRT Jabodebek",
        "operator": "PT Kereta Api Indonesia (Persero), Divisi LRT Jabodebek",
        "public_transport": "station",
        "railway": "station",
        "station": "light_rail",
        "wikidata": "Q33022012",
        "wikipedia": "id:Stasiun LRT Cikunir 1"
      },
      "geometry": {
        "type": "Point",
        "coordinates": [
          106.9518734,
          -6.2566001
        ]
      },
      "id": "node/8174072565"
    },
    {
      "type": "Feature",
      "properties": {
        "@id": "node/8174072566",
        "addr:city": "Jakarta",
        "light_rail": "yes",
        "name": "Jatibening Baru",
        "network": "LRT Jabodebek",
        "operator": "PT Kereta Api Indonesia (Persero), Divisi LRT Jabodebek",
        "public_transport": "station",
        "railway": "station",
        "station": "light_rail",
        "wikidata": "Q33020703",
        "wikipedia": "id:Stasiun LRT Jati Bening Baru"
      },
      "geometry": {
        "type": "Point",
        "coordinates": [
          106.9279199,
          -6.2577476
        ]
      },
      "id": "node/8174072566"
    },
    {
      "type": "Feature",
      "properties": {
        "@id": "node/8174072567",
        "addr:city": "Jakarta",
        "light_rail": "yes",
        "name": "Kuningan",
        "network": "LRT Jabodebek",
        "network:wikidata": "Q20427104",
        "operator": "PT Kereta Api Indonesia (Persero), Divisi LRT Jabodebek",
        "public_transport": "station",
        "railway": "station",
        "station": "light_rail",
        "wikidata": "Q10166373",
        "wikipedia": "id:Stasiun LRT Kuningan"
      },
      "geometry": {
        "type": "Point",
        "coordinates": [
          106.8332031,
          -6.2287727
        ]
      },
      "id": "node/8174072567"
    },
    {
      "type": "Feature",
      "properties": {
        "@id": "node/8174072568",
        "addr:city": "Jakarta",
        "addr:postcode": "13650",
        "light_rail": "yes",
        "name": "Ciracas",
        "network": "LRT Jabodebek",
        "operator": "PT Kereta Api Indonesia (Persero), Divisi LRT Jabodebek",
        "public_transport": "station",
        "railway": "station",
        "source": "HOT_InAWARESurvey_2017",
        "station": "light_rail",
        "wikidata": "Q19726743",
        "wikipedia": "id:Stasiun LRT Ciracas"
      },
      "geometry": {
        "type": "Point",
        "coordinates": [
          106.8867399,
          -6.3237693
        ]
      },
      "id": "node/8174072568"
    },
    {
      "type": "Feature",
      "properties": {
        "@id": "node/8174072570",
        "addr:city": "Jakarta",
        "light_rail": "yes",
        "name": "Dukuh Atas BNI",
        "network": "LRT Jabodebek",
        "network:wikidata": "Q20427104",
        "operator": "PT Kereta Api Indonesia (Persero), Divisi LRT Jabodebek",
        "public_transport": "station",
        "railway": "station",
        "station": "light_rail",
        "wikidata": "Q19740981",
        "wikipedia": "id:Stasiun LRT Dukuh Atas BNI"
      },
      "geometry": {
        "type": "Point",
        "coordinates": [
          106.8255301,
          -6.204828
        ]
      },
      "id": "node/8174072570"
    },
    {
      "type": "Feature",
      "properties": {
        "@id": "node/8487603262",
        "addr:city": "Jakarta",
        "light_rail": "yes",
        "name": "Ciliwung",
        "network": "LRT Jabodebek",
        "network:wikidata": "Q20427104",
        "operator": "PT Kereta Api Indonesia (Persero), Divisi LRT Jabodebek",
        "public_transport": "station",
        "railway": "station",
        "station": "light_rail",
        "wikidata": "Q10166356",
        "wikipedia": "id:Stasiun LRT Ciliwung"
      },
      "geometry": {
        "type": "Point",
        "coordinates": [
          106.8639705,
          -6.2434461
        ]
      },
      "id": "node/8487603262"
    },
    {
      "type": "Feature",
      "properties": {
        "@id": "node/9761865798",
        "addr:city": "Jakarta",
        "light_rail": "yes",
        "name": "Halim",
        "network": "LRT Jabodebek",
        "operator": "PT Kereta Api Indonesia (Persero), Divisi LRT Jabodebek",
        "public_transport": "station",
        "railway": "station",
        "railway:ref": "HAL",
        "station": "light_rail",
        "wikidata": "Q111590566",
        "wikipedia": "id:Stasiun Halim"
      },
      "geometry": {
        "type": "Point",
        "coordinates": [
          106.8872875,
          -6.2458656
        ]
      },
      "id": "node/9761865798"
    },
    {
      "type": "Feature",
      "properties": {
        "@id": "node/12260707174",
        "addr:city": "Jakarta",
        "light_rail": "yes",
        "name": "Cawang",
        "network": "LRT Jabodebek",
        "network:wikidata": "Q20427104",
        "operator": "PT Kereta Api Indonesia (Persero), Divisi LRT Jabodebek",
        "public_transport": "station",
        "railway": "station",
        "station": "light_rail",
        "wikidata": "Q19726745",
        "wikipedia": "id:Stasiun LRT Cawang"
      },
      "geometry": {
        "type": "Point",
        "coordinates": [
          106.8712296,
          -6.245907
        ]
      },
      "id": "node/12260707174"
    }
  ]
}